check_id,check_url,last_checked_at,last_checked_status_code,supplier_name,supplier_is_beekeeper,supplier_postcode,country,sell_direct,medium,packaging_type,honey_type,next_check_at,check_enabled,parser,latitude,longitude
004c0dbd-714b-11e8-9113-e4b3182e34ed,https://www.hebdentea.com/shop/york-honey-local-product/,2018-11-24T13:27:22Z,200,Hebden Tea,false,YO1 7LZ,england,false,jar,glass,wildflower,2018-11-25 19:52:09+00:00,true,simple,53.9594718374733,-1.07998119520134
01358568-0340-4acf-a7f1-ee0af15a85f4,http://www.thehoneyfarm.co.uk/catalog_view.php?id=17,2018-11-24T17:00:43Z,1000,New Quay Honey Farm,true,SA44 6NN,wales,true,jar,glass,heather,2018-11-25 14:33:58+00:00,true,simple,52.1822905798795,-4.34347068473805
03675ea8-e6e6-438e-8d17-e557c6c7a277,http://www.thecheeseandwineshop.co.uk/products/sedgemoor-runny-honey-227g.asp,2018-11-24T13:27:31Z,200,The Cheese and Wine Shop,false,TA21 8NR,england,false,jar,glass,wildflower,2018-11-25 18:12:18+00:00,true,simple,50.9779260734352,-3.22683356998046
03dc79f4-e7a8-5f4d-bb30-ccf4f2aa3b08,https://www.hiveandkeeper.com/available/spicy-honey-from-matt-aldridge-woolley,2018-11-11T15:01:49Z,200,Hive & Keeper,false,NA,NA,true,jar,glass,wildflower,NULL,false,squarespace,NA,NA
051bdc02-591d-11e8-b947-e4b3182e34ed,https://www.honeyfieldsbeefarm.co.uk/product/340g-clear-pure-english-honey/,2018-11-24T13:25:16Z,200,Honeyfields Bee Farm,true,CV2 1NT,england,true,jar,plastic,wildflower,2018-11-25 17:35:26+00:00,true,simple,52.464609,-1.444696
051be026-591d-11e8-b947-e4b3182e34ed,https://www.honeyfieldsbeefarm.co.uk/product/340g-set-pure-english-honey/,2018-11-24T13:23:36Z,200,Honeyfields Bee Farm,true,CV2 1NT,england,true,jar,plastic,wildflower,2018-11-25 09:43:42+00:00,true,simple,52.464609,-1.444696
051be210-591d-11e8-b947-e4b3182e34ed,https://www.honeyfieldsbeefarm.co.uk/product/1kg-clear-pure-english-honey/,2018-11-24T13:27:49Z,200,Honeyfields Bee Farm,true,CV2 1NT,england,true,jar,plastic,wildflower,2018-11-25 19:48:51+00:00,true,simple,52.464609,-1.444696
051be3be-591d-11e8-b947-e4b3182e34ed,https://www.honeyfieldsbeefarm.co.uk/product/1kg-set-pure-english-honey/,2018-11-24T13:24:29Z,200,Honeyfields Bee Farm,true,CV2 1NT,england,true,jar,plastic,wildflower,2018-11-25 12:28:43+00:00,true,simple,52.464609,-1.444696
06a837f9-2553-4c92-959c-513879a72680,http://www.croftapiaries.co.uk/product/yorkshire-moors-honey-tub-1-35kg/,2018-11-24T13:24:13Z,200,Croft Apiaries,true,LN8 2BE,england,true,jar,plastic,heather,2018-11-25 10:12:58+00:00,true,simple,53.4210953522243,-0.520322893868707
09d18410-5282-4752-a21b-d780d3d20d58,https://www.payneshoney.co.uk/english-honey/340g-clear-english/,2018-11-24T13:24:32Z,200,Paynes Honey,true,BN6 9NP,england,true,jar,glass,wildflower,2018-11-25 19:56:13+00:00,true,simple,50.92700767,-0.162279
0aeb9f82-e653-11e8-8fe5-e4b3182e34ed,http://www.finandfarm.co.uk/index.php?route=product/product&product_id=12253,2018-11-24T13:25:34Z,200,Find&Farm,false,BN3 7LT,england,true,jar,glass,wildflower,2018-11-25 17:54:33+00:00,true,simple,50.84453659,-0.195919816
0aeba3ce-e653-11e8-8fe5-e4b3182e34ed,http://www.finandfarm.co.uk/index.php?route=product/product&product_id=12255,2018-11-24T13:24:19Z,200,Find&Farm,false,BN3 7LT,england,true,jar,glass,wildflower,2018-11-25 10:24:07+00:00,true,simple,50.84453659,-0.195919816
0aebaa04-e653-11e8-8fe5-e4b3182e34ed,https://greenvalleys.uk/product/blackman-bee-farm-honey-340g/,2018-11-24T13:26:44Z,200,greenvalleys,false,BN1 4JU,england,true,jar,glass,wildflower,2018-11-25 09:34:37+00:00,true,simple,50.83148978,-0.135412
0aebb012-e653-11e8-8fe5-e4b3182e34ed,https://greenvalleys.uk/product/sussex-honey-125g/,2018-11-24T13:24:34Z,200,greenvalleys,false,BN1 4JU,england,true,jar,glass,wildflower,2018-11-25 11:42:23+00:00,true,simple,50.83148978,-0.135412
0cbc23f8-2cc6-5fe6-b0b7-3537fb3d30ff,https://www.hiveandkeeper.com/available/floral-honey-from-storrington-sussex,2018-11-11T15:00:14Z,200,Hive & Keeper,false,NA,NA,true,jar,glass,wildflower,NULL,false,squarespace,NA,NA
0e395b7d-9ad0-521c-b5e5-17a5190cc060,https://www.hiveandkeeper.com/available/caramel-heather-honey-from-fylingdales-yorkshire-jes69,2018-11-11T15:02:51Z,200,Hive & Keeper,false,NA,NA,true,jar,glass,wildflower,NULL,false,squarespace,NA,NA
0fc03374-5e5e-11e8-b567-e4b3182e34ed,https://www.beckysbeesonlineshop.co.uk/12oz-jar-of-honey-885-p.asp,2018-11-24T13:24:17Z,200,Becky's Beezzz,true,SP11 6LF,england,true,jar,glass,wildflower,2018-11-25 16:58:38+00:00,true,simple,51.2055779412026,-1.4495132224398
0fc03375-5e5e-11e8-b567-e4b3182e34ed,http://www.lydiardpark.org.uk/shop/Pages/Honey.aspx,2018-06-16T09:09:27Z,1000,Lydiard Park,true,SN5 3PA,england,true,jar,glass,wildflower,2018-06-17 10:33:42+00:00,false,simple,51.5611520832113,-1.84803708425888
0fc03376-5e5e-11e8-b567-e4b3182e34ed,https://www.wenlockedgefarm.co.uk/p/Beez_Neez_Shropshire_Honey_340g/00bf9f69209f4692a8e0559c7c54881e/637b6dd15f3e426abad8c73c7b97e453/,2018-11-24T13:23:34Z,200,Wenlock Edge Farm,false,TF13 6DU,england,true,jar,glass,wildflower,2018-11-25 15:25:54+00:00,true,simple,52.5366926278558,-2.70004978714937
0fc03377-5e5e-11e8-b567-e4b3182e34ed,https://shop.fordhallfarm.com/p/Shropshire_Honey/6359d13c7c2a403f979130e36d3b49e0/de416c44e8d14a55a53eb4204c0da5e9/,2018-11-24T13:26:26Z,200,Ford Hall Farm,false,TF9 3PS,england,true,jar,glass,wildflower,2018-11-25 17:33:56+00:00,true,simple,52.8923247015543,-2.52469900911562
0fc03428-5e5e-11e8-b567-e4b3182e34ed,https://www.beckysbeesonlineshop.co.uk/8oz-jar-of-honey-889-p.asp,2018-11-24T13:23:53Z,200,Becky's Beezzz,true,SP11 6LF,england,true,jar,glass,wildflower,2018-11-25 10:49:56+00:00,true,simple,51.2055779412026,-1.4495132224398
0fc034e6-5e5e-11e8-b567-e4b3182e34ed,https://www.beckysbeesonlineshop.co.uk/mini-jars-of-honey-2374-p.asp,2018-11-24T13:26:50Z,200,Becky's Beezzz,true,SP11 6LF,england,true,jar,glass,wildflower,2018-11-25 12:44:46+00:00,true,simple,51.2055779412026,-1.4495132224398
10cfc932-815c-4a4e-ad04-04b0b01bacd3,http://www.thehoneyfarm.co.uk/catalog_view.php?id=37,2018-11-24T17:00:45Z,1000,New Quay Honey Farm,true,SA44 6NN,wales,true,jar,glass,wildflower,2018-11-25 14:09:35+00:00,true,simple,52.1822905798795,-4.34347068473805
11083b07-f7d3-5c3a-87eb-c48509af5a4d,https://www.hiveandkeeper.com/available/fruity-honey-from-brain-bull-braintree-essex,2018-11-11T14:57:05Z,200,Hive & Keeper,false,NA,NA,true,jar,glass,wildflower,NULL,false,squarespace,NA,NA
11c2042d-20c8-4036-a861-b22b525a347b,https://www.payneshoney.co.uk/english-honey/227g-clear-english-honey/,2018-11-24T13:23:41Z,200,Paynes Honey,true,BN6 9NP,england,true,jar,glass,wildflower,2018-11-25 10:03:39+00:00,true,simple,50.92700767,-0.162279
13fdfdb5-57e7-55d8-a053-9ea0c4c1996a,https://www.hiveandkeeper.com/available/fruity-honey-from-brain-bull-braintree-essex-kgd5g-sn4sl,2018-11-21T14:40:25Z,200,Hive & Keeper,false,NA,NA,true,jar,glass,wildflower,NULL,false,squarespace,NA,NA
1623ceb8-ceef-11e8-a917-e4b3182e34ed,https://www.blackbeehoney.co/shop/festive-honey,2018-11-24T13:24:12Z,200,Black Bee Honey Company,false,BA10 0PE,england,false,jar,glass,wildflower,2018-11-25 09:55:33+00:00,true,simple,51.09586532,-2.469584129
16452b6f-6a24-502d-8af3-a02e8ec7772b,https://www.aecre.co.uk/products/local-honey-east-hoathly-lewes,2018-11-11T14:59:16Z,200,Aecre Honey,false,NA,NA,true,jar,glass,wildflower,NULL,false,shopify,NA,NA
165b0dcd-7257-46b3-8d75-d85d5620b113,http://thelondonbeecompany.com/product/raw-summer-honey-strawberry-hill-middlesex/,2018-11-24T13:24:05Z,200,The London Bee Co,true,HA2 7HH,england,true,jar,glass,wildflower,2018-11-25 13:40:54+00:00,true,simple,51.5766401300318,-0.370078223245132
17f9e5c7-0b13-547f-8396-ae4338a59cb3,https://www.aecre.co.uk/products/twyford-reading-honey,2018-11-11T15:01:50Z,200,Aecre Honey,false,NA,NA,true,jar,glass,wildflower,NULL,false,shopify,NA,NA
181bc6c7-18f0-57f4-9562-3214270315ca,https://www.hiveandkeeper.com/available/floral-tooting-honey-224g,2018-11-11T14:58:08Z,200,Hive & Keeper,false,NA,NA,true,jar,glass,wildflower,NULL,false,squarespace,NA,NA
19cf09ce-782a-57aa-bfd7-a50bb1f980b0,https://www.hiveandkeeper.com/available/spicy-honey-from-matt-aldridge-yattendon,2018-11-11T15:01:17Z,200,Hive & Keeper,false,NA,NA,true,jar,glass,wildflower,NULL,false,squarespace,NA,NA
1a50ab78-6db0-11e8-b96b-e4b3182e34ed,https://www.blackbeehoney.co/shop/summer-honey,2018-11-24T13:24:53Z,404,Black Bee Honey Company,false,BA10 0PE,england,false,jar,glass,wildflower,2018-11-25 11:27:25+00:00,true,simple,51.09586532,-2.469584129
1a514574-6db0-11e8-b96b-e4b3182e34ed,https://www.blackbeehoney.co/shop/british-heather-honey,2018-11-24T13:26:58Z,200,Black Bee Honey Company,false,BA10 0PE,england,false,jar,glass,heather,2018-11-25 19:32:48+00:00,true,simple,51.09586532,-2.469584129
1a514bc8-6db0-11e8-b96b-e4b3182e34ed,https://www.blackbeehoney.co/shop/london-honey,2018-11-24T13:25:43Z,200,Black Bee Honey Company,false,BA10 0PE,england,false,jar,glass,wildflower,2018-11-25 10:39:33+00:00,true,simple,51.09586532,-2.469584129
1a515172-6db0-11e8-b96b-e4b3182e34ed,https://www.blackbeehoney.co/shop/seaside-honey,2018-11-24T13:25:41Z,200,Black Bee Honey Company,false,BA10 0PE,england,false,jar,glass,wildflower,2018-11-25 12:02:14+00:00,true,simple,51.09586532,-2.469584129
1aaf5197-2d73-4b64-a91e-08a24b4d10b0,http://www.croftapiaries.co.uk/product/set-lincolnshire-honey-340gm/,2018-11-24T13:23:39Z,200,Croft Apiaries,true,LN8 2BE,england,true,jar,glass,wildflower,2018-11-25 14:09:30+00:00,true,simple,53.4210953522243,-0.520322893868707
1b165b65-105d-46b0-ae65-51b83fc690f3,http://www.bbha.biz/shopproduct.asp?Code=honeycr227g,2018-11-24T13:24:40Z,200,Blue Bell Hill Apiaries,true,ME5 9QN,england,true,jar,glass,wildflower,2018-11-25 09:08:16+00:00,true,simple,51.3332122757623,0.50485103214336
1cde22cc-07ce-5d64-a9e8-44c16b2635c3,https://honeyguides.co.uk/england/wiltshire/semley-shaftesbury-honey/,2018-11-22T20:25:15Z,200,Honeyguides,true,NA,NA,true,jar,glass,wildflower,NULL,false,bigcommerce,NA,NA
21f6b7e0-711c-5fe3-b335-335869a049ac,https://www.hiveandkeeper.com/available/fruity-honey-from-brain-bull-braintree-essex,2018-11-11T14:57:05Z,200,Hive & Keeper,false,NA,NA,true,jar,glass,wildflower,NULL,false,squarespace,NA,NA
22ea0f31-8da4-46c0-8f4b-79c1ea278672,http://www.bbha.biz/equipmentproduct.asp?Code=honeycr340&ReturnPage=0,2018-11-24T13:24:48Z,200,Blue Bell Hill Apiaries,true,ME5 9QN,england,true,jar,glass,wildflower,2018-11-25 15:11:53+00:00,true,simple,51.3332122757623,0.50485103214336
22eb4915-dfa9-5886-8889-3afc2500fa8f,https://www.hiveandkeeper.com/available/spicy-godstone-honey-224g,2018-11-11T14:58:40Z,200,Hive & Keeper,false,NA,NA,true,jar,glass,wildflower,NULL,false,squarespace,NA,NA
2a0e3c99-854b-4ad7-a6b1-30cdaaa7684f,http://www.thehoneyfarm.co.uk/catalog_view.php?id=5,2018-11-24T17:00:31Z,1000,New Quay Honey Farm,true,SA44 6NN,wales,true,jar,glass,borage,2018-11-25 11:44:41+00:00,true,simple,52.1822905798795,-4.34347068473805
2a5db96a-5de9-11e8-b567-e4b3182e34ed,https://www.cathedralshop.com/products/two-cathedral-honey,2018-11-24T13:24:41Z,200,Liverpool Cathedral,true,L1 7AZ,england,true,jar,glass,wildflower,2018-11-25 10:30:47+00:00,true,simple,53.397447,-2.97324024221338
2a5df8c6-5de9-11e8-b567-e4b3182e34ed,https://www.ottarchocolate.com/shop/diverse-nectar-honey,2018-11-24T13:23:21Z,200,Ottar Chocolate,true,S80 3LT,england,true,jar,glass,wildflower,2018-11-25 11:05:34+00:00,true,simple,53.262481,-1.170819
2a5dfee8-5de9-11e8-b567-e4b3182e34ed,https://www.etsy.com/uk/listing/504486184/beeloved-42g-15oz-pure-heather-honey-raw,2018-10-12T18:43:20Z,1003,BeeLoved,true,HU8 9ER,england,true,jar,glass,heather,2018-10-13 11:39:06+00:00,false,simple,53.7745836332074,-0.272916541717222
2a5dfee9-5de9-11e8-b567-e4b3182e34ed,https://www.etsy.com/uk/listing/517097879/beeloved-226g-8oz-pure-heather-honey-raw,2018-11-24T13:25:02Z,200,BeeLoved,true,HU8 9ER,england,true,jar,glass,heather,2018-11-25 10:27:21+00:00,true,simple,53.7745836332074,-0.272916541717222
2a5dff9c-5de9-11e8-b567-e4b3182e34ed,https://www.etsy.com/uk/listing/484265145/beeloved-226g-8oz-pure-yorkshire-honey,2018-11-24T13:25:20Z,200,BeeLoved,true,HU8 9ER,england,true,jar,glass,wildflower,2018-11-25 16:53:05+00:00,true,simple,53.7745836332074,-0.272916541717222
2a5dff9d-5de9-11e8-b567-e4b3182e34ed,https://www.etsy.com/uk/listing/484267569/beeloved-42g-15oz-pure-yorkshire-honey,2018-10-12T18:43:14Z,1003,BeeLoved,true,HU8 9ER,england,true,jar,glass,wildflower,2018-10-13 12:08:23+00:00,false,simple,53.7745836332074,-0.272916541717222
2a7e18ae-75c4-512e-aa4d-e5b49d1fc80a,https://honeyguides.co.uk/england/wiltshire/swindon-cotswold-water-park-honey/,2018-11-22T20:25:14Z,200,Honeyguides,true,NA,NA,true,jar,glass,wildflower,NULL,false,bigcommerce,NA,NA
343d1f5b-55b0-11e8-a0b5-e4b3182e34ed,http://www.heatherhills.co.uk/scottish-honey.html?page=shop.product_details&flypage=flypage.pbv.v3.tpl&product_id=63&category_id=1,2018-05-15T06:58:24Z,200,Heather Hills Farm,true,PH10 7JG,scotland,true,jar,glass,heather,2018-05-15 09:58:24.359903+00:00,false,simple,56.646766,-3.407378
35715abd-55b0-11e8-a0b5-e4b3182e34ed,http://www.heatherhills.co.uk/scottish-honey.html?page=shop.product_details&flypage=flypage.pbv.v3.tpl&product_id=3&category_id=1,2018-06-17T14:42:54Z,1000,Heather Hills Farm,true,PH10 7JG,scotland,true,jar,glass,blossom,2018-06-18 14:48:34+00:00,false,simple,56.646766,-3.407378
35fa874d-55b0-11e8-a0b5-e4b3182e34ed,http://www.heatherhills.co.uk/scottish-honey.html?page=shop.product_details&flypage=flypage.pbv.v3.tpl&product_id=70&category_id=1,2018-11-24T13:26:11Z,200,Heather Hills Farm,true,PH10 7JG,scotland,true,jar,glass,heather,2018-11-25 14:24:29+00:00,true,simple,56.646766,-3.407378
367e2eb3-55b0-11e8-a0b5-e4b3182e34ed,http://www.heatherhills.co.uk/scottish-honey.html?page=shop.product_details&flypage=flypage.pbv.v3.tpl&product_id=71&category_id=1,2018-11-24T13:27:48Z,200,Heather Hills Farm,true,PH10 7JG,scotland,true,jar,glass,blossom,2018-11-25 17:06:34+00:00,true,simple,56.646766,-3.407378
3699c6aa-5ddb-11e8-b567-e4b3182e34ed,http://www.filbertsofdorset.co.uk/product/dorset-honey/,2018-11-24T13:27:40Z,200,Filberts of Dorset,true,DT2 8QJ,england,true,jar,plastic,wildflower,2018-11-25 17:51:45+00:00,true,simple,50.730623,-2.391066
3699e248-5ddb-11e8-b567-e4b3182e34ed,http://www.thehoneybcompany.co.uk/store/p8/Spring_Blossom_Soft_Set_227g.html,2018-11-24T13:26:57Z,200,The Honey B Company,true,DL10 6HQ,england,true,jar,glass,blossom,2018-11-25 11:39:48+00:00,true,simple,54.479762,-1.631977
3699e36a-5ddb-11e8-b567-e4b3182e34ed,http://www.thehoneybcompany.co.uk/store/p7/Spring_Blossom_Soft_Soft_340g.html,2018-11-24T13:25:44Z,200,The Honey B Company,true,DL10 6HQ,england,true,jar,glass,blossom,2018-11-25 12:00:49+00:00,true,simple,54.479762,-1.631977
3699e52c-5ddb-11e8-b567-e4b3182e34ed,http://www.thehoneybcompany.co.uk/store/p10/English_Heather_Honey_227g.html,2018-11-24T13:26:10Z,200,The Honey B Company,true,DL10 6HQ,england,true,jar,glass,heather,2018-11-25 12:21:03+00:00,true,simple,54.479762,-1.631977
3699e64e-5ddb-11e8-b567-e4b3182e34ed,http://www.thehoneybcompany.co.uk/store/p9/English_Heather_honey_340g.html,2018-11-24T13:25:09Z,200,The Honey B Company,true,DL10 6HQ,england,true,jar,glass,heather,2018-11-25 13:42:34+00:00,true,simple,54.479762,-1.631977
3699e766-5ddb-11e8-b567-e4b3182e34ed,http://www.thehoneybcompany.co.uk/store/p6/English_Blossom_Honey_227g.html,2018-11-24T13:25:05Z,200,The Honey B Company,true,DL10 6HQ,england,true,jar,glass,blossom,2018-11-25 15:24:55+00:00,true,simple,54.479762,-1.631977
3699e888-5ddb-11e8-b567-e4b3182e34ed,http://www.thehoneybcompany.co.uk/store/p5/English_Blossom_Honey_340g.html,2018-11-24T13:26:09Z,200,The Honey B Company,true,DL10 6HQ,england,true,jar,glass,blossom,2018-11-25 18:51:52+00:00,true,simple,54.479762,-1.631977
3699e9a0-5ddb-11e8-b567-e4b3182e34ed,http://www.thehoneybcompany.co.uk/store/p17/Spring_Blossom_Soft_Set_Plastic_Pot_600g.html,2018-11-24T13:24:00Z,200,The Honey B Company,true,DL10 6HQ,england,true,jar,plastic,blossom,2018-11-25 12:31:28+00:00,true,simple,54.479762,-1.631977
3699eac2-5ddb-11e8-b567-e4b3182e34ed,http://www.thehoneybcompany.co.uk/store/p16/Heather_Honey_600g_Plastic_pot.html,2018-11-24T13:24:54Z,200,The Honey B Company,true,DL10 6HQ,england,true,jar,plastic,heather,2018-11-25 18:58:35+00:00,true,simple,54.479762,-1.631977
3699ebd0-5ddb-11e8-b567-e4b3182e34ed,http://www.thehoneybcompany.co.uk/store/p16/Heather_Honey_600g_Plastic_pot.html,2018-05-22T17:24:06Z,200,The Honey B Company,true,DL10 6HQ,england,true,jar,plastic,blossom,2018-05-23 14:50:16+00:00,false,simple,54.479762,-1.631977
37b900f5-4456-59c7-807a-6b876a2b4ac2,https://www.hiveandkeeper.com/available/21qowcpsutdh9vqhu037sgdeiyglfw,2018-11-11T15:00:46Z,200,Hive & Keeper,false,NA,NA,true,jar,glass,wildflower,NULL,false,squarespace,NA,NA
38842b7f-5807-11e8-9103-e4b3182e34ed,https://thelondonhoneycompany.co.uk/collections/honey/products/raw-honey-bell-heather-jar-250g,2018-10-12T18:40:33Z,404,London Honey Company,true,SE1 2NR,england,true,jar,glass,bell-heather,2018-10-13 12:49:11+00:00,false,simple,51.5016607260058,-0.076679836829259
391c369c-03b5-494b-b5c6-ddf11f40de28,http://bayviewbees.co.uk/shop/heather-honey/,2018-11-24T13:23:33Z,200,Bayview Bees,true,YO11 3UA,england,true,jar,glass,heather,2018-11-25 13:05:17+00:00,true,simple,54.2034502374096,-0.406328490813183
391c369c-03b5-494b-b5c6-ddf11f40de29,http://bayviewbees.co.uk/shop/spring-set-honey/,2018-11-24T13:23:19Z,200,Bayview Bees,true,YO11 3UA,england,true,jar,glass,blossom,2018-11-25 16:09:58+00:00,true,simple,54.2034502374096,-0.406328490813183
391c369c-03b5-494b-b5c6-ddf11f40de2a,http://bayviewbees.co.uk/shop/summer-blossom-honey/,2018-11-24T13:26:23Z,200,Bayview Bees,true,YO11 3UA,england,true,jar,glass,blossom,2018-11-25 17:48:27+00:00,true,simple,54.2034502374096,-0.406328490813183
3961b378-78b5-5d73-948a-54233474c887,https://www.hiveandkeeper.com/available/honey-from-dave-gillan-whitburn-west-lothian,2018-11-11T14:57:36Z,200,Hive & Keeper,false,NA,NA,true,jar,glass,wildflower,NULL,false,squarespace,NA,NA
3a0e40da-f2d2-48e2-bfc6-99e5c7f7d025,http://www.heathcotehoney.co.uk/shop/viewitem.php?productid=0,2018-11-24T13:24:58Z,200,Heathcote Honey,true,NG33 4EQ,england,true,jar,glass,wildflower,2018-11-25 11:49:14+00:00,true,simple,52.8597255216029,-0.505771547446365
3caba70a-51b0-5ada-b697-c989853696be,https://www.hiveandkeeper.com/available/fruity-honey-from-brain-bull-braintree-essex-kgd5g-sn4sl,2018-11-21T14:40:25Z,200,Hive & Keeper,false,NA,NA,true,jar,glass,wildflower,NULL,false,squarespace,NA,NA
3ee263fa-5de8-11e8-b567-e4b3182e34ed,https://www.weetons.com/product/harrogate-honey-clear-half-pound,2018-11-24T13:27:18Z,200,Weetons Food Hall,false,HG1 1BJ,england,true,jar,glass,wildflower,2018-11-25 11:47:45+00:00,true,simple,53.9884370583029,-1.5397801307773
3ee264ae-5de8-11e8-b567-e4b3182e34ed,https://www.weetons.com/product/harrogate-clear-honey,2018-11-24T13:26:40Z,200,Weetons Food Hall,false,HG1 1BJ,england,true,jar,glass,wildflower,2018-11-25 12:13:06+00:00,true,simple,53.9884370583029,-1.5397801307773
3ee26602-5de8-11e8-b567-e4b3182e34ed,https://www.weetons.com/product/harrogate-honey---soft-set,2018-11-24T13:26:12Z,200,Weetons Food Hall,false,HG1 1BJ,england,true,jar,glass,wildflower,2018-11-25 19:41:25+00:00,true,simple,53.9884370583029,-1.5397801307773
3ee26760-5de8-11e8-b567-e4b3182e34ed,https://www.weetons.com/product/harrogate-honey---half-pound-soft-set,2018-11-24T13:24:22Z,200,Weetons Food Hall,false,HG1 1BJ,england,true,jar,glass,wildflower,2018-11-25 17:40:45+00:00,true,simple,53.9884370583029,-1.5397801307773
40940039-548c-59cc-b49e-129843402e97,https://www.hiveandkeeper.com/available/21qowcpsutdh9vqhu037sgdeiyglfw,2018-11-11T15:00:46Z,200,Hive & Keeper,false,NA,NA,true,jar,glass,wildflower,NULL,false,squarespace,NA,NA
44f99979-da96-4100-936c-d071b4eaef04,http://www.thebeefarmer.co.uk/webshop/honey/454g-1lb-honey/,2018-11-24T13:26:18Z,200,The Bee Farmer,true,LE67 1AH,england,true,jar,glass,wildflower,2018-11-25 15:04:38+00:00,true,simple,52.666172,-1.31420595194252
5150b967-dc7b-5c5a-8f5e-1af4bf88a0cd,https://www.hiveandkeeper.com/available/fresh-little-chesterford-honey-224g-s5w9b,2018-11-11T15:02:20Z,200,Hive & Keeper,false,NA,NA,true,jar,glass,wildflower,NULL,false,squarespace,NA,NA
53ca086b-3f4c-50f0-b75f-b6b12037e907,https://www.aecre.co.uk/products/longstomps-chelmsford-honey,2018-11-11T14:59:47Z,200,Aecre Honey,false,NA,NA,true,jar,glass,wildflower,NULL,false,shopify,NA,NA
53d64e7f-55af-11e8-81ec-e4b3182e34ed,http://www.heatherhills.co.uk/scottish-honey.html?page=shop.product_details&flypage=flypage.pbv.v3.tpl&product_id=1&category_id=1,2018-11-24T13:26:25Z,200,Heather Hills Farm,true,PH10 7JG,scotland,true,jar,glass,heather,2018-11-25 14:37:25+00:00,true,simple,56.646766,-3.407378
560d7e88-e980-11e8-b1c2-e4b3182e34ed,http://honeybeeproducts.co.uk/product/creamed-honey/,2018-11-24T13:27:36Z,200,Honey Bee Products,true,GL10 3NQ,england,true,jar,glass,wildflower,2018-11-25 11:08:33+00:00,true,simple,51.7298523266534,-2.28375774341356
560d85c2-e980-11e8-b1c2-e4b3182e34ed,http://honeybeeproducts.co.uk/product/local-costwold-honey/,2018-11-24T13:27:39Z,200,Honey Bee Products,true,GL10 3NQ,england,true,jar,glass,wildflower,2018-11-25 14:08:35+00:00,true,simple,51.7298523266534,-2.28375774341356
560d8aa4-e980-11e8-b1c2-e4b3182e34ed,http://honeybeeproducts.co.uk/product/set-costwold-honey/,2018-11-24T13:26:01Z,200,Honey Bee Products,true,GL10 3NQ,england,true,jar,glass,wildflower,2018-11-25 14:04:21+00:00,true,simple,51.7298523266534,-2.28375774341356
57fd33af-8a13-4a09-a34c-8aea4cfa2e6b,http://www.thecheeseandwineshop.co.uk/products/sedgemoor-heather-honey-113g.asp,2018-11-24T13:23:07Z,200,The Cheese and Wine Shop,false,TA21 8NR,england,false,jar,glass,heather,2018-11-25 18:39:40+00:00,true,simple,50.9779260734352,-3.22683356998046
58de2cdc-5918-11e8-b947-e4b3182e34ed,https://www.quincehoneyfarm.co.uk/shop/honey/exmoor-heather-honey-set-227g/,2018-11-24T13:26:04Z,200,Quince Honey Farm,true,EX36 3AZ,england,true,jar,glass,heather,2018-11-25 13:07:08+00:00,true,simple,51.0207915765962,-3.83726126105894
58de313c-5918-11e8-b947-e4b3182e34ed,https://www.quincehoneyfarm.co.uk/shop/honey/devon-flower-honey-set-227g/,2018-11-24T13:27:21Z,200,Quince Honey Farm,true,EX36 3AZ,england,true,jar,glass,wildflower,2018-11-25 10:01:23+00:00,true,simple,51.0207915765962,-3.83726126105894
58de3376-5918-11e8-b947-e4b3182e34ed,https://www.quincehoneyfarm.co.uk/shop/honey/devon-flower-honey-227g-clear/,2018-11-24T13:23:56Z,200,Quince Honey Farm,true,EX36 3AZ,england,true,jar,glass,wildflower,2018-11-25 13:03:03+00:00,true,simple,51.0207915765962,-3.83726126105894
58de3556-5918-11e8-b947-e4b3182e34ed,https://www.quincehoneyfarm.co.uk/shop/honey/exmoor-heather-honey-340g/,2018-11-24T13:26:54Z,200,Quince Honey Farm,true,EX36 3AZ,england,true,jar,glass,heather,2018-11-25 17:25:13+00:00,true,simple,51.0207915765962,-3.83726126105894
58de3722-5918-11e8-b947-e4b3182e34ed,https://www.quincehoneyfarm.co.uk/shop/honey/devon-flower-honey-340g/,2018-11-24T13:23:55Z,200,Quince Honey Farm,true,EX36 3AZ,england,true,jar,glass,wildflower,2018-11-25 19:38:50+00:00,true,simple,51.0207915765962,-3.83726126105894
58de38ee-5918-11e8-b947-e4b3182e34ed,https://www.quincehoneyfarm.co.uk/shop/honey/devon-flower-honey-set-340g/,2018-11-24T13:26:24Z,200,Quince Honey Farm,true,EX36 3AZ,england,true,jar,glass,wildflower,2018-11-25 09:49:32+00:00,true,simple,51.0207915765962,-3.83726126105894
59f0842e-5dd4-11e8-b567-e4b3182e34ed,http://www.denholmegatehoney.co.uk/shop/raw-yorkshire-spring-honey/,2018-11-24T13:24:42Z,200,Denholme Gate Honey,true,BD13 3QZ,england,true,jar,glass,blossom,2018-11-25 10:49:37+00:00,true,simple,53.79419187,-1.860591666
59f088c0-5dd4-11e8-b567-e4b3182e34ed,http://www.denholmegatehoney.co.uk/shop/pure-yorkshire-summer-honey/,2018-11-24T13:27:28Z,200,Denholme Gate Honey,true,BD13 3QZ,england,true,jar,glass,wildflower,2018-11-25 15:08:03+00:00,true,simple,53.79419187,-1.860591666
59f08a96-5dd4-11e8-b567-e4b3182e34ed,http://www.denholmegatehoney.co.uk/shop/yorkshire-heather-honey/,2018-11-24T13:27:13Z,200,Denholme Gate Honey,true,BD13 3QZ,england,true,jar,glass,heather,2018-11-25 09:23:05+00:00,true,simple,53.79419187,-1.860591666
59f08b9a-5dd4-11e8-b567-e4b3182e34ed,http://www.denholmegatehoney.co.uk/shop/pollen-enriched-yorkshire-honey/,2018-11-24T13:23:47Z,200,Denholme Gate Honey,true,BD13 3QZ,england,true,jar,glass,wildflower,2018-11-25 12:18:48+00:00,true,simple,53.79419187,-1.860591666
59f0e81a-5dd4-11e8-b567-e4b3182e34ed,https://www.essex-honey.co.uk/buy%20essex%20honey/store.php?product/page/7/Mainly+Summer+Borage++Local+RAW+Honey+454g+1lb,2018-05-30T12:36:54Z,1000,Essex-Honey,true,CO6 1BX,england,true,jar,glass,borage,2018-05-31 12:36:21+00:00,false,simple,51.873745,0.798364097058385
59f0ea40-5dd4-11e8-b567-e4b3182e34ed,https://www.essex-honey.co.uk/buy%20essex%20honey/store.php?product/page/597/Local+Raw+Essex+Honey+in+12oz+340g+Jar,2018-05-30T12:33:33Z,1000,Essex-Honey,true,CO6 1BX,england,true,jar,glass,wildflower,2018-05-31 12:56:38+00:00,false,simple,51.873745,0.798364097058385
59ff4d73-9426-5170-a2ab-547af6729f06,https://www.hiveandkeeper.com/available/fruity-staines-upon-thames,2018-11-11T14:59:11Z,200,Hive & Keeper,false,NA,NA,true,jar,glass,wildflower,NULL,false,squarespace,NA,NA
5b971b5c-ee49-4aba-a6fd-059dfb4dfe83,http://www.bbha.biz/shopproduct.asp?Code=honeycl227g,2018-11-24T13:24:01Z,200,Blue Bell Hill Apiaries,true,ME5 9QN,england,true,jar,glass,wildflower,2018-11-25 14:05:43+00:00,true,simple,51.3332122757623,0.50485103214336
5b971b5c-ee49-4aba-a6fd-059dfb4dfe84,https://www.flaxfarm.co.uk/product/traditional-raw-sussex-honey,2018-11-24T13:26:19Z,200,Flax Farm,false,RH13 6QQ,england,false,jar,glass,wildflower,2018-11-25 16:51:36+00:00,true,simple,51.027371507348,-0.313467715402371
63e515e6-a26a-11e8-91ae-e4b3182e34ed,http://www.hiveandkeeper.com/available/floral-honey-from-storrington-sussex,2018-11-10T15:41:36Z,200,Hive And Keeper,false,SW18 3JY,england,true,jar,glass,wildflower,2018-11-11 11:21:15+00:00,false,simple,51.4433408763912,-0.17321318659058
63e52810-a26a-11e8-91ae-e4b3182e34ed,http://www.hiveandkeeper.com/available/floral-honey-from-storrington-sussex,2018-11-10T15:46:08Z,200,Hive And Keeper,false,SW18 3JY,england,true,jar,glass,wildflower,2018-11-11 13:43:31+00:00,false,simple,51.4433408763912,-0.17321318659058
664f7f82-d242-5d2b-9e80-beb254dd6195,https://www.hiveandkeeper.com/available/spicy-honey-from-matt-aldridge-yattendon,2018-11-11T15:01:17Z,200,Hive & Keeper,false,NA,NA,true,jar,glass,wildflower,NULL,false,squarespace,NA,NA
68c69bd8-5e25-4001-a684-57db8517f24e,http://www.croftapiaries.co.uk/product/multi-floral-raw-honey-tub-1-35kg/,2018-11-24T13:26:13Z,200,Croft Apiaries,true,LN8 2BE,england,true,jar,plastic,wildflower,2018-11-25 12:44:40+00:00,true,simple,53.4210953522243,-0.520322893868707
6a753809-8ed0-46b1-9ea7-e7099d93e961,https://www.payneshoney.co.uk/english-honey/42g-mini-pot-clear-english-honey/,2018-11-24T13:24:52Z,200,Paynes Honey,true,BN6 9NP,england,true,jar,glass,wildflower,2018-11-25 19:29:47+00:00,true,simple,50.92700767,-0.162279
6aae576f-5873-48a8-90a2-7ef37d82b2c0,https://www.payneshoney.co.uk/english-honey/340g-english-honey-squeeze-bear/,2018-11-24T13:26:52Z,200,Paynes Honey,true,BN6 9NP,england,true,jar,plastic,wildflower,2018-11-25 14:22:29+00:00,true,simple,50.92700767,-0.162279
6af17033-5820-11e8-8474-e4b3182e34ed,https://www.west-country-honey.co.uk/collections/honey/products/west-country-set-honey,2018-11-24T13:24:28Z,200,West Country Honey,true,BS49 5HE,england,true,jar,glass,blossom,2018-11-25 13:04:30+00:00,true,simple,51.3644990553017,-2.80381557803241
6c36203a-6cd5-4de1-8bff-ede99ac72c21,http://www.thecheeseandwineshop.co.uk/products/sedgemoor-set-honey-340g.asp,2018-11-24T13:26:27Z,200,The Cheese and Wine Shop,false,TA21 8NR,england,false,jar,glass,wildflower,2018-11-25 14:29:00+00:00,true,simple,50.9779260734352,-3.22683356998046
6c969440-4eca-4c8a-9980-afd48f30d4e0,https://scottishbeecompany.co.uk/product/scottish-heather-honey/,2018-11-24T13:26:41Z,200,Scottish Bee Company,true,EH4 9EP,scotland,true,jar,glass,heather,2018-11-25 11:16:23+00:00,true,simple,55.959478,-3.225591
6d60d593-0e8a-45fa-b0f5-ca911a27daff,http://www.bbha.biz/equipmentproduct.asp?Code=honeyhea227&ReturnPage=0,2018-11-24T13:26:41Z,200,Blue Bell Hill Apiaries,true,ME5 9QN,england,true,jar,glass,heather,2018-11-25 09:37:26+00:00,true,simple,51.3332122757623,0.50485103214336
6f586dde-5917-11e8-b947-e4b3182e34ed,https://www.quincehoneyfarm.co.uk/shop/honey/devon-flower-honey-set-113g/,2018-11-24T13:25:54Z,200,Quince Honey Farm,true,EX36 3AZ,england,true,jar,glass,wildflower,2018-11-25 11:50:20+00:00,true,simple,51.0207915765962,-3.83726126105894
6f5872ca-5917-11e8-b947-e4b3182e34ed,https://www.quincehoneyfarm.co.uk/shop/honey/limited-edition-ivy-honey-227g/,2018-05-30T12:32:05Z,200,Quince Honey Farm,true,EX36 3AZ,england,true,jar,glass,ivy,2018-05-31 11:14:27+00:00,false,simple,51.0207915765962,-3.83726126105894
6f587554-5917-11e8-b947-e4b3182e34ed,https://www.quincehoneyfarm.co.uk/shop/honey/exmoor-heather-honey-113g/,2018-11-24T13:25:30Z,200,Quince Honey Farm,true,EX36 3AZ,england,true,jar,glass,heather,2018-11-25 15:50:28+00:00,true,simple,51.0207915765962,-3.83726126105894
6f58778e-5917-11e8-b947-e4b3182e34ed,https://www.quincehoneyfarm.co.uk/shop/honey/spring-blossom-honey/,2018-11-24T13:24:04Z,200,Quince Honey Farm,true,EX36 3AZ,england,true,jar,glass,blossom,2018-11-25 16:04:46+00:00,true,simple,51.0207915765962,-3.83726126105894
715b559f-c687-5d95-8625-7020e207d1fb,https://www.hiveandkeeper.com/available/spicy-honey-from-matt-aldridge-woolley,2018-11-11T15:01:49Z,200,Hive & Keeper,false,NA,NA,true,jar,glass,wildflower,NULL,false,squarespace,NA,NA
72f1eb63-5820-11e8-9dd1-e4b3182e34ed,https://www.west-country-honey.co.uk/collections/honey/products/west-country-set-honey,2018-11-24T13:25:27Z,200,West Country Honey,true,BS49 5HE,england,true,jar,glass,blossom,2018-11-25 13:21:20+00:00,true,simple,51.3644990553017,-2.80381557803241
75805b34-e785-11e8-9a6c-e4b3182e34ed,http://www.bees-online.co.uk/detail.asp?ID=462&name=Flower-Honey,2018-11-24T13:23:59Z,200,Maisemore Apiaries,true,GL2 8HT,england,true,jar,glass,wildflower,2018-11-25 15:08:49+00:00,true,simple,51.9020908832114,-2.28088927324323
75805fa8-e785-11e8-9a6c-e4b3182e34ed,http://www.bees-online.co.uk/detail.asp?ID=462&name=Flower-Honey,2018-11-24T13:23:54Z,200,Maisemore Apiaries,true,GL2 8HT,england,true,jar,glass,wildflower,2018-11-25 11:37:45+00:00,true,simple,51.9020908832114,-2.28088927324323
758063fe-e785-11e8-9a6c-e4b3182e34ed,http://www.bees-online.co.uk/detail.asp?ID=462&name=Flower-Honey,2018-11-24T13:27:17Z,200,Maisemore Apiaries,true,GL2 8HT,england,true,jar,glass,wildflower,2018-11-25 18:53:08+00:00,true,simple,51.9020908832114,-2.28088927324323
75806804-e785-11e8-9a6c-e4b3182e34ed,http://www.bees-online.co.uk/detail.asp?ID=462&name=Flower-Honey,2018-11-24T13:26:18Z,200,Maisemore Apiaries,true,GL2 8HT,england,true,jar,glass,wildflower,2018-11-25 18:54:31+00:00,true,simple,51.9020908832114,-2.28088927324323
75806bec-e785-11e8-9a6c-e4b3182e34ed,http://www.bees-online.co.uk/detail.asp?ID=462&name=Flower-Honey,2018-11-24T13:23:10Z,200,Maisemore Apiaries,true,GL2 8HT,england,true,jar,glass,wildflower,2018-11-25 10:19:34+00:00,true,simple,51.9020908832114,-2.28088927324323
76b5a187-ef26-4b23-9eea-2ff9890ddfbf,http://www.midgleygreen.com/shop/somerset-set-honey,2018-06-20T00:00:00Z,0,Midgley Green,false,BS21 7QH,england,false,jar,glass,wildflower,2018-06-24 03:00:00+00:00,false,simple,51.4418231637211,-2.85908526512726
77ad13ab-79a7-4467-8bfb-5ecf5ad2ef38,http://www.bbha.biz/shopproduct.asp?Code=honeycl340,2018-11-24T13:27:46Z,200,Blue Bell Hill Apiaries,true,ME5 9QN,england,true,jar,glass,wildflower,2018-11-25 09:20:51+00:00,true,simple,51.3332122757623,0.50485103214336
77ad13ac-79a7-4467-8bfb-5ecf5ad2ef38,http://www.bbha.biz/shopproduct.asp?Code=honeysqcl340,2018-11-24T13:25:53Z,200,Blue Bell Hill Apiaries,true,ME5 9QN,england,true,jar,glass,wildflower,2018-11-25 14:50:40+00:00,true,simple,51.3332122757623,0.50485103214336
789ae720-ebf7-43fe-b1e1-c4afb0c849fb,http://www.thehoneyfarm.co.uk/catalog_view.php?id=35,2018-11-24T17:00:32Z,1000,New Quay Honey Farm,true,SA44 6NN,wales,true,jar,glass,mountain,2018-11-25 12:21:49+00:00,true,simple,52.1822905798795,-4.34347068473805
791aa11f-fb96-4ea3-8a82-3f25cbf60308,https://www.payneshoney.co.uk/english-honey/227g-thick-english-honey/,2018-11-24T13:23:28Z,200,Paynes Honey,true,BN6 9NP,england,true,jar,glass,wildflower,2018-11-25 18:04:39+00:00,true,simple,50.92700767,-0.162279
7978809e-616c-11e8-985e-e4b3182e34ed,http://www.heatherhills.co.uk/scottish-honey.html?page=shop.product_details&flypage=flypage.pbv.v3.tpl&product_id=3&category_id=1,2018-11-24T13:25:01Z,200,Heather Hills Farm,true,PH10 7JG,scotland,true,jar,glass,blossom,2018-11-25 18:56:17+00:00,true,simple,56.646766,-3.407378
7b6697f5-3ca6-47be-9614-71aa0f6b88ee,http://www.thebeefarmer.co.uk/webshop/honey/340g-12oz-honey/,2018-11-24T13:23:15Z,200,The Bee Farmer,true,LE67 1AH,england,true,jar,glass,wildflower,2018-11-25 17:31:56+00:00,true,simple,52.666172,-1.31420595194252
7c0c9bb4-e646-4afd-9929-455a32f7e65a,https://www.payneshoney.co.uk/english-honey/clear-english-honey/,2018-06-20T00:00:00Z,0,Paynes Honey,true,BN6 9NP,england,true,jar,plastic,wildflower,2018-06-24 03:00:00+00:00,false,simple,50.92700767,-0.162279
7c833fef-5820-11e8-afd3-e4b3182e34ed,https://www.west-country-honey.co.uk/collections/honey/products/west-country-raw-honey,2018-11-24T13:24:15Z,200,West Country Honey,true,BS49 5HE,england,true,jar,glass,blossom,2018-11-25 16:53:56+00:00,true,simple,51.3644990553017,-2.80381557803241
7c899b0f-6f83-49bc-8ed5-83539d35505f,https://www.payneshoney.co.uk/english-honey/340g-english-heather-honey/,2018-11-24T13:26:22Z,200,Paynes Honey,true,BN6 9NP,england,true,jar,glass,heather,2018-11-25 11:03:48+00:00,true,simple,50.92700767,-0.162279
7e4efbd2-3871-45c2-9c4d-7563e22a5b11,https://www.seasonedbychefs.co.uk/product/english-flower-honey/,2018-11-24T13:27:00Z,200,Hoyle's Honey,true,CM14 5SN,england,true,jar,glass,wildflower,2018-11-25 19:44:48+00:00,true,simple,51.6476197035051,0.239726740022658
7e4efbd2-3871-45c2-9c4d-7563e22a5b12,https://www.seasonedbychefs.co.uk/product/english-set-blossom-honey/,2018-11-24T13:25:39Z,200,Hoyle's Honey,true,CM14 5SN,england,true,jar,glass,blossom,2018-11-25 11:52:03+00:00,true,simple,51.6476197035051,0.239726740022658
7e4efbd2-3871-45c2-9c4d-7563e22a5b13,https://www.seasonedbychefs.co.uk/product/english-borage-flower-honey/,2018-11-24T13:23:28Z,200,Hoyle's Honey,true,CM14 5SN,england,true,jar,glass,borage,2018-11-25 09:49:15+00:00,true,simple,51.6476197035051,0.239726740022658
7e4efbd2-3871-45c2-9c4d-7563e22a5b14,https://www.seasonedbychefs.co.uk/product/english-lime-tree-honey/,2018-11-24T13:25:11Z,200,Hoyle's Honey,true,CM14 5SN,england,true,jar,glass,borage,2018-11-25 09:47:53+00:00,true,simple,51.6476197035051,0.239726740022658
7efe0134-0ba0-49cd-8f26-f0a1008c8db5,http://www.mrpsbees.co.uk/ourshop/prod_2181209-Set-Honey-freshly-extracted-runny-please-see-notes.html,2018-11-24T13:25:07Z,200,Mr P's Bees,true,HR8 2RD,england,true,jar,glass,wildflower,2018-11-25 11:25:19+00:00,true,simple,52.0419209292878,-2.51577169511321
7efe0134-0ba0-49cd-8f26-f0a1008c8db6,http://www.mrpsbees.co.uk/ourshop/prod_2098376-1lb-jar-of-Set-Herefordshire-Honey.html,2018-11-24T13:26:39Z,200,Mr P's Bees,true,HR8 2RD,england,true,jar,glass,wildflower,2018-11-25 17:14:04+00:00,true,simple,52.0419209292878,-2.51577169511321
81afc5ad-5820-11e8-8dbf-e4b3182e34ed,https://www.west-country-honey.co.uk/collections/honey/products/west-country-raw-honey,2018-11-24T17:00:47Z,1003,West Country Honey,true,BS49 5HE,england,true,jar,glass,blossom,2018-11-25 09:50:35+00:00,true,simple,51.3644990553017,-2.80381557803241
822f2b06-dd5c-42a2-8d40-12972670ea64,http://thelondonbeecompany.com/product/creamed-raw-autumn-honey-strawberry-hill-middlesex/,2018-11-24T13:23:15Z,200,The London Bee Co,true,HA2 7HH,england,true,jar,glass,wildflower,2018-11-25 16:27:50+00:00,true,simple,51.5766401300318,-0.370078223245132
8b166a82-ce0e-42bb-8343-0213a470c639,http://www.croftapiaries.co.uk/product/squeezy-honey/,2018-11-24T13:26:29Z,200,Croft Apiaries,true,LN8 2BE,england,true,jar,plastic,wildflower,2018-11-25 16:21:52+00:00,true,simple,53.4210953522243,-0.520322893868707
8bcaa8b4-586e-11e8-b947-e4b3182e34ed,https://www.quincehoneyfarm.co.uk/shop/honey/exmoor-heather-honey-45g/,2018-11-24T13:26:49Z,200,Quince Honey Farm,true,EX36 3AZ,england,true,jar,glass,heather,2018-11-25 17:43:55+00:00,true,simple,51.0207915765962,-3.83726126105894
8d4150d1-8469-43cb-9df3-b01473914b13,https://www.payneshoney.co.uk/english-honey/227g-english-heather-honey/,2018-11-24T13:25:38Z,200,Paynes Honey,true,BN6 9NP,england,true,jar,glass,heather,2018-11-25 11:45:46+00:00,true,simple,50.92700767,-0.162279
90205faf-7376-5c65-9ef9-1b2bb3b534a7,https://www.hiveandkeeper.com/available/fruity-staines-upon-thames,2018-11-11T14:59:11Z,200,Hive & Keeper,false,NA,NA,true,jar,glass,wildflower,NULL,false,squarespace,NA,NA
91e14b29-dd40-4b7f-94b6-efc206ebc32b,https://www.payneshoney.co.uk/non-drip-squeezy-bottle-range/590g-family-size-squeezable-bottle-english-honey/,2018-11-24T13:24:11Z,200,Paynes Honey,true,BN6 9NP,england,true,jar,plastic,wildflower,2018-11-25 13:44:45+00:00,true,simple,50.92700767,-0.162279
94864529-c69b-53b9-94e4-3a14f4f83a5c,https://www.hiveandkeeper.com/available/spicy-bradwell-on-sea-honey,2018-11-21T14:39:22Z,200,Hive & Keeper,false,NA,NA,true,jar,glass,wildflower,NULL,false,squarespace,NA,NA
952b4be6-f0a8-57ac-8395-1e17175de02d,https://www.aecre.co.uk/products/thurleigh-bedfordshire-honey,2018-11-11T15:01:19Z,200,Aecre Honey,false,NA,NA,true,jar,glass,wildflower,NULL,false,shopify,NA,NA
99a26032-787b-529c-95d7-4912beb65af0,https://www.aecre.co.uk/products/dunnington-alcester-honey,2018-11-11T14:53:12Z,200,Aecre Honey,false,NA,NA,true,jar,glass,wildflower,NULL,false,shopify,NA,NA
9ab66957-4cfc-571e-9bb2-a5f73d7f7e78,https://www.aecre.co.uk/products/brighton-honey-bn15dn,2018-11-11T14:52:41Z,200,Aecre Honey,false,NA,NA,true,jar,glass,wildflower,NULL,false,shopify,NA,NA
9c69b884-5915-11e8-b947-e4b3182e34ed,https://thelondonhoneycompany.co.uk/collections/honey/products/pure-honey-bell-heather-jar-250g,2018-06-20T00:00:00Z,0,London Honey Company,true,SE1 2NR,england,true,jar,glass,bell-heather,2018-06-24 03:00:00+00:00,false,simple,51.5016607260058,-0.076679836829259
a031c596-77bb-11e8-83a4-e4b3182e34ed,http://www.hiveandkeeper.com/available/fruity-honey-from-paul-vassey-bonby-3zc23,2018-11-10T15:47:10Z,404,Hive And Keeper,false,SW18 3JY,england,true,jar,glass,wildflower,2018-11-11 13:23:24+00:00,false,simple,51.4433408763912,-0.17321318659058
a031dbc6-77bb-11e8-83a4-e4b3182e34ed,http://www.hiveandkeeper.com/available/fruity-honey-from-paul-vassey-bonby-3zc23,2018-11-10T15:43:46Z,404,Hive And Keeper,false,SW18 3JY,england,true,jar,glass,wildflower,2018-11-11 10:50:03+00:00,false,simple,51.4433408763912,-0.17321318659058
a031eae4-77bb-11e8-83a4-e4b3182e34ed,http://www.hiveandkeeper.com/available/a-spicy-honey-from-petworth-sussex,2018-11-10T15:44:36Z,404,Hive And Keeper,false,SW18 3JY,england,true,jar,glass,wildflower,2018-11-11 10:24:51+00:00,false,simple,51.4433408763912,-0.17321318659058
a031f340-77bb-11e8-83a4-e4b3182e34ed,http://www.hiveandkeeper.com/available/a-spicy-honey-from-petworth-sussex,2018-11-10T15:47:41Z,404,Hive And Keeper,false,SW18 3JY,england,true,jar,glass,wildflower,2018-11-11 17:36:48+00:00,false,simple,51.4433408763912,-0.17321318659058
a031fdb8-77bb-11e8-83a4-e4b3182e34ed,http://www.hiveandkeeper.com/available/fresh-honey-from-kings-somborne-hampshire,2018-11-10T15:42:54Z,404,Hive And Keeper,false,SW18 3JY,england,true,jar,glass,wildflower,2018-11-11 11:54:34+00:00,false,simple,51.4433408763912,-0.17321318659058
a03204fc-77bb-11e8-83a4-e4b3182e34ed,http://www.hiveandkeeper.com/available/fresh-honey-from-kings-somborne-hampshire,2018-11-10T15:45:08Z,404,Hive And Keeper,false,SW18 3JY,england,true,jar,glass,wildflower,2018-11-11 11:15:24+00:00,false,simple,51.4433408763912,-0.17321318659058
a0320e7a-77bb-11e8-83a4-e4b3182e34ed,http://www.hiveandkeeper.com/available/spicy-honey-from-matt-aldridge-yattendon,2018-11-10T15:46:13Z,200,Hive And Keeper,false,SW18 3JY,england,true,jar,glass,wildflower,2018-11-11 09:24:35+00:00,false,simple,51.4433408763912,-0.17321318659058
a0321366-77bb-11e8-83a4-e4b3182e34ed,http://www.hiveandkeeper.com/available/spicy-honey-from-matt-aldridge-yattendon,2018-11-10T15:47:08Z,200,Hive And Keeper,false,SW18 3JY,england,true,jar,glass,wildflower,2018-11-11 16:05:43+00:00,false,simple,51.4433408763912,-0.17321318659058
a03218ca-77bb-11e8-83a4-e4b3182e34ed,http://www.hiveandkeeper.com/available/spicy-honey-from-matt-aldridge-woolley,2018-11-10T15:45:31Z,200,Hive And Keeper,false,SW18 3JY,england,true,jar,glass,wildflower,2018-11-11 14:29:20+00:00,false,simple,51.4433408763912,-0.17321318659058
a0321ed8-77bb-11e8-83a4-e4b3182e34ed,http://www.hiveandkeeper.com/available/spicy-honey-from-matt-aldridge-woolley,2018-11-10T15:42:35Z,200,Hive And Keeper,false,SW18 3JY,england,true,jar,glass,wildflower,2018-11-11 15:53:08+00:00,false,simple,51.4433408763912,-0.17321318659058
a03224b4-77bb-11e8-83a4-e4b3182e34ed,http://www.hiveandkeeper.com/available/fresh-little-chesterford-honey-224g-s5w9b,2018-11-10T15:45:56Z,200,Hive And Keeper,false,SW18 3JY,england,true,jar,glass,wildflower,2018-11-11 14:07:51+00:00,false,simple,51.4433408763912,-0.17321318659058
a0322bbc-77bb-11e8-83a4-e4b3182e34ed,http://www.hiveandkeeper.com/available/fresh-little-chesterford-honey-224g-s5w9b,2018-11-10T15:44:01Z,200,Hive And Keeper,false,SW18 3JY,england,true,jar,glass,wildflower,2018-11-11 14:29:33+00:00,false,simple,51.4433408763912,-0.17321318659058
a03231b6-77bb-11e8-83a4-e4b3182e34ed,http://www.hiveandkeeper.com/available/spicy-honey-from-yalding-kent,2018-11-10T15:43:23Z,404,Hive And Keeper,false,SW18 3JY,england,true,jar,glass,wildflower,2018-11-11 11:05:26+00:00,false,simple,51.4433408763912,-0.17321318659058
a032377e-77bb-11e8-83a4-e4b3182e34ed,http://www.hiveandkeeper.com/available/spicy-honey-from-yalding-kent,2018-11-10T15:43:42Z,404,Hive And Keeper,false,SW18 3JY,england,true,jar,glass,wildflower,2018-11-11 10:01:19+00:00,false,simple,51.4433408763912,-0.17321318659058
a0323d96-77bb-11e8-83a4-e4b3182e34ed,http://www.hiveandkeeper.com/available/fruity-honey-from-yew-tree-lakes-rotherfield-sussex-mfclj,2018-11-10T15:47:29Z,404,Hive And Keeper,false,SW18 3JY,england,true,jar,glass,wildflower,2018-11-11 18:33:02+00:00,false,simple,51.4433408763912,-0.17321318659058
a03243d6-77bb-11e8-83a4-e4b3182e34ed,http://www.hiveandkeeper.com/available/fruity-honey-from-yew-tree-lakes-rotherfield-sussex-mfclj,2018-11-10T15:43:52Z,404,Hive And Keeper,false,SW18 3JY,england,true,jar,glass,wildflower,2018-11-11 09:19:06+00:00,false,simple,51.4433408763912,-0.17321318659058
a07a4ae7-4fa3-4d9e-bfd5-98420039df17,https://hillstownfarmshop.com/antrim-honey-454g/,2018-08-18T14:31:01Z,404,The Kitchen at Hillstown,false,BT41 3DT,northern-ireland,false,jar,glass,wildflower,2018-08-19 11:31:09+00:00,false,simple,54.809302,-6.354193
a07a4ae7-4fa3-4d9e-fff5-98420039df17,http://www.greenmountfarmshop.com/@/local-honey/feaf836790cfaff28ec67fbab9bbf9567ad287ac/,2018-11-24T13:24:07Z,200,Greenmount Farm,false,BT61 9JT,northern-ireland,false,jar,glass,wildflower,2018-11-25 18:20:20+00:00,true,simple,54.362321,-6.546
a07a4ae7-4fa3-4d9e-fff6-98420039df17,https://rosaliesofcowes.co.uk/product/296/isle-of-wight-honey-8oz/,2018-11-24T13:25:04Z,200,Rosalie's Of Cowes,false,PO31 7RR,england,false,jar,glass,wildflower,2018-11-25 09:53:55+00:00,true,simple,50.76368229391,-1.29818991301615
a16c649c-6678-11e8-967e-e4b3182e34ed,https://www.essex-honey.co.uk/buy%20essex%20honey/store.php?product/page/7/Mainly+Summer+Borage++Local+RAW+Honey+454g+1lb,2018-06-10T11:41:24Z,1000,Essex-Honey,true,CO6 1BX,england,true,jar,glass,borage,2018-06-11 10:37:32+00:00,false,simple,51.873745,0.798364097058385
a16c68d4-6678-11e8-967e-e4b3182e34ed,https://www.essex-honey.co.uk/buy%20essex%20honey/store.php?product/page/31/Spring+Blossom+2018+Local++RAW+Honey+454g+1lb+Jar,2018-11-24T13:25:19Z,200,Essex-Honey,true,CO6 1BX,england,true,jar,glass,blossom,2018-11-25 15:43:03+00:00,true,simple,51.873745,0.798364097058385
a482043d-32ef-5c98-99b6-c74e31ca5b06,https://www.aecre.co.uk/products/rottingdean-honey,2018-11-11T15:00:18Z,200,Aecre Honey,false,NA,NA,true,jar,glass,wildflower,NULL,false,shopify,NA,NA
a4a66c36-6769-54af-b8f1-e5e14c1d7627,https://www.aecre.co.uk/products/sonning-reading-honey,2018-11-11T15:00:48Z,200,Aecre Honey,false,NA,NA,true,jar,glass,wildflower,NULL,false,shopify,NA,NA
a4cd34b2-5de1-11e8-b567-e4b3182e34ed,https://www.easybeeproducts.co.uk/product/borage-honey/,2018-11-24T13:24:09Z,200,EasyBeeProducts,true,GL3 4PZ,england,true,jar,glass,borage,2018-11-25 16:31:29+00:00,true,simple,51.8482595870275,-2.142148
a4cd3584-5de1-11e8-b567-e4b3182e34ed,https://www.easybeeproducts.co.uk/product/1lb-jar-of-spring-blossom-clear-honey/,2018-11-24T13:24:37Z,200,EasyBeeProducts,true,GL3 4PZ,england,true,jar,glass,blossom,2018-11-25 18:50:01+00:00,true,simple,51.8482595870275,-2.142148
a4cd37aa-5de1-11e8-b567-e4b3182e34ed,https://www.easybeeproducts.co.uk/product/1lb-jar-of-spring-blossom-set-honey/,2018-11-24T13:23:10Z,200,EasyBeeProducts,true,GL3 4PZ,england,true,jar,glass,blossom,2018-11-25 15:02:01+00:00,true,simple,51.8482595870275,-2.142148
a4cd3890-5de1-11e8-b567-e4b3182e34ed,https://www.easybeeproducts.co.uk/product/wildflower-set-honey/,2018-11-24T13:26:05Z,200,EasyBeeProducts,true,GL3 4PZ,england,true,jar,glass,wildflower,2018-11-25 17:11:13+00:00,true,simple,51.8482595870275,-2.142148
a4cd396c-5de1-11e8-b567-e4b3182e34ed,https://www.easybeeproducts.co.uk/product/1lb-jar-pollen-enriched-honey/,2018-11-24T13:26:43Z,200,EasyBeeProducts,true,GL3 4PZ,england,true,jar,glass,wildflower,2018-11-25 18:30:31+00:00,true,simple,51.8482595870275,-2.142148
a4cd3a3e-5de1-11e8-b567-e4b3182e34ed,https://www.easybeeproducts.co.uk/product/1lb-jar-poly-flora-blend/,2018-11-24T13:24:49Z,200,EasyBeeProducts,true,GL3 4PZ,england,true,jar,glass,wildflower,2018-11-25 15:32:45+00:00,true,simple,51.8482595870275,-2.142148
a4f8e39a-7138-11e8-9f7f-e4b3182e34ed,https://coedcanlas.cymru/products/copy-of-nick-tonkins-wild-welsh-honey-set,2018-10-12T18:38:30Z,404,Coedcanlas,true,SA68 0PX,wales,true,jar,glass,wildflower,2018-10-13 10:51:16+00:00,false,simple,51.7392385810128,-4.86602177812274
a4f8f736-7138-11e8-9f7f-e4b3182e34ed,https://coedcanlas.cymru/products/nick-tonkins-wild-welsh-honey-heather,2018-10-12T18:39:21Z,404,Coedcanlas,true,SA68 0PX,wales,true,jar,glass,heather,2018-10-13 16:15:06+00:00,false,simple,51.7392385810128,-4.86602177812274
a4f91a86-7138-11e8-9f7f-e4b3182e34ed,https://coedcanlas.cymru/products/nick-tonkins-wild-welsh-honey-clear,2018-10-12T18:43:08Z,404,Coedcanlas,true,SA68 0PX,wales,true,jar,glass,wildflower,2018-10-13 16:04:47+00:00,false,simple,51.7392385810128,-4.86602177812274
a4f93d68-7138-11e8-9f7f-e4b3182e34ed,https://www.watsonandpratts.co.uk/p/Coedcanlas_Nick_Tonkins_Wild_Welsh_Heather_Honey/8715ad4cd5f149ccb6945f43b1b3d969/1c6eb71feb94496691cd407c9071b23f/,2018-11-24T13:23:56Z,200,Watson and Pratt's,false,SA48 8LT,wales,false,jar,glass,heather,2018-11-25 16:15:53+00:00,true,simple,52.1205529300514,-4.076508
a4f9415a-7138-11e8-9f7f-e4b3182e34ed,https://www.watsonandpratts.co.uk/p/Coedcanlas_Nick_Tonkins_Wild_Welsh_Honey/1d2b822185f84eff83edaf79da326764/1c6eb71feb94496691cd407c9071b23f/,2018-11-24T13:23:18Z,200,Watson and Pratt's,false,SA48 8LT,wales,false,jar,glass,wildflower,2018-11-25 09:17:12+00:00,true,simple,52.1205529300514,-4.076508
a7a6e1c9-5fb2-5f59-9c6f-7bf12cfe5d45,https://www.hiveandkeeper.com/available/fresh-little-chesterford-honey-224g-s5w9b,2018-11-11T15:02:20Z,200,Hive & Keeper,false,NA,NA,true,jar,glass,wildflower,NULL,false,squarespace,NA,NA
ade0238e-a9ff-4b99-b56c-29f2dea65a48,http://www.croftapiaries.co.uk/product/runny-honey-340gm/,2018-11-24T13:24:45Z,200,Croft Apiaries,true,LN8 2BE,england,true,jar,glass,wildflower,2018-11-25 11:04:18+00:00,true,simple,53.4210953522243,-0.520322893868707
aefef5a4-5e88-11e8-b567-e4b3182e34ed,https://www.keeprs.co.uk/honey-jam/apple-blossom-honey,2018-11-24T13:24:40Z,200,Keepr's,true,OX5 9EG,england,true,jar,glass,apple,2018-11-25 12:51:49+00:00,true,simple,51.82301,-1.287411
aeff170a-5e88-11e8-b567-e4b3182e34ed,https://www.keeprs.co.uk/honey-jam/blueberry-honey,2018-11-24T13:24:07Z,200,Keepr's,true,OX5 9EG,england,true,jar,glass,blueberry,2018-11-25 10:56:34+00:00,true,simple,51.82301,-1.287411
aeff1890-5e88-11e8-b567-e4b3182e34ed,https://www.keeprs.co.uk/honey-jam/borage-honey,2018-11-24T13:27:24Z,200,Keepr's,true,OX5 9EG,england,true,jar,glass,borage,2018-11-25 14:52:52+00:00,true,simple,51.82301,-1.287411
aeff1b56-5e88-11e8-b567-e4b3182e34ed,https://www.keeprs.co.uk/honey-jam/cotswold-honey,2018-11-24T13:27:51Z,200,Keepr's,true,OX5 9EG,england,true,jar,glass,wildflower,2018-11-25 14:29:08+00:00,true,simple,51.82301,-1.287411
aeff1c50-5e88-11e8-b567-e4b3182e34ed,https://www.keeprs.co.uk/honey-jam/heather-honey,2018-11-24T13:26:51Z,200,Keepr's,true,OX5 9EG,england,true,jar,glass,heather,2018-11-25 18:18:56+00:00,true,simple,51.82301,-1.287411
aeff1dd6-5e88-11e8-b567-e4b3182e34ed,https://www.keeprs.co.uk/honey-jam/oxford-honey,2018-11-24T13:27:11Z,200,Keepr's,true,OX5 9EG,england,true,jar,glass,wildflower,2018-11-25 15:41:32+00:00,true,simple,51.82301,-1.287411
b2548d20-77d0-11e8-87ed-e4b3182e34ed,http://www.hiveandkeeper.com/available/fruity-honey-from-brain-bull-braintree-essex,2018-11-10T15:46:58Z,200,Hive And Keeper,false,SW18 3JY,england,true,jar,glass,wildflower,2018-11-11 14:45:45+00:00,false,simple,51.4433408763912,-0.17321318659058
b254911c-77d0-11e8-87ed-e4b3182e34ed,http://www.hiveandkeeper.com/available/fruity-honey-from-brain-bull-braintree-essex,2018-11-10T15:43:25Z,200,Hive And Keeper,false,SW18 3JY,england,true,jar,glass,wildflower,2018-11-11 14:05:45+00:00,false,simple,51.4433408763912,-0.17321318659058
b254928e-77d0-11e8-87ed-e4b3182e34ed,http://www.hiveandkeeper.com/available/copy-of-344-g-12-oz-animal-farm-goxhill-north-lincs-fruity-aaab6,2018-11-10T15:46:38Z,404,Hive And Keeper,false,SW18 3JY,england,true,jar,glass,wildflower,2018-11-11 12:14:17+00:00,false,simple,51.4433408763912,-0.17321318659058
b25493ba-77d0-11e8-87ed-e4b3182e34ed,http://www.hiveandkeeper.com/available/copy-of-344-g-12-oz-animal-farm-goxhill-north-lincs-fruity-aaab6,2018-11-10T15:47:52Z,404,Hive And Keeper,false,SW18 3JY,england,true,jar,glass,wildflower,2018-11-11 17:06:03+00:00,false,simple,51.4433408763912,-0.17321318659058
b25494dc-77d0-11e8-87ed-e4b3182e34ed,http://www.hiveandkeeper.com/available/honey-from-dave-gillan-whitburn-west-lothian-hk4wd,2018-11-10T15:42:33Z,404,Hive And Keeper,false,SW18 3JY,england,true,jar,glass,wildflower,2018-11-11 16:30:15+00:00,false,simple,51.4433408763912,-0.17321318659058
b254963a-77d0-11e8-87ed-e4b3182e34ed,http://www.hiveandkeeper.com/available/honey-from-dave-gillan-whitburn-west-lothian-hk4wd,2018-11-10T15:45:41Z,404,Hive And Keeper,false,SW18 3JY,england,true,jar,glass,wildflower,2018-11-11 13:31:44+00:00,false,simple,51.4433408763912,-0.17321318659058
b2549748-77d0-11e8-87ed-e4b3182e34ed,http://www.hiveandkeeper.com/available/floral-tooting-honey-224g,2018-11-10T15:43:16Z,200,Hive And Keeper,false,SW18 3JY,england,true,jar,glass,wildflower,2018-11-11 15:38:19+00:00,false,simple,51.4433408763912,-0.17321318659058
b254982e-77d0-11e8-87ed-e4b3182e34ed,http://www.hiveandkeeper.com/available/floral-tooting-honey-224g,2018-11-10T15:44:32Z,200,Hive And Keeper,false,SW18 3JY,england,true,jar,glass,wildflower,2018-11-11 17:14:58+00:00,false,simple,51.4433408763912,-0.17321318659058
b2549914-77d0-11e8-87ed-e4b3182e34ed,http://www.hiveandkeeper.com/available/fruity-staines-upon-thames,2018-11-10T15:43:20Z,200,Hive And Keeper,false,SW18 3JY,england,true,jar,glass,wildflower,2018-11-11 19:00:29+00:00,false,simple,51.4433408763912,-0.17321318659058
b25499e6-77d0-11e8-87ed-e4b3182e34ed,http://www.hiveandkeeper.com/available/21qowcpsutdh9vqhu037sgdeiyglfw,2018-11-10T15:43:49Z,200,Hive And Keeper,false,SW18 3JY,england,true,jar,glass,wildflower,2018-11-11 16:57:51+00:00,false,simple,51.4433408763912,-0.17321318659058
b2549ac2-77d0-11e8-87ed-e4b3182e34ed,http://www.hiveandkeeper.com/available/21qowcpsutdh9vqhu037sgdeiyglfw,2018-11-10T15:47:37Z,200,Hive And Keeper,false,SW18 3JY,england,true,jar,glass,wildflower,2018-11-11 11:48:09+00:00,false,simple,51.4433408763912,-0.17321318659058
b2abecb5-d1df-4142-b023-0c72e23fd3dd,https://www.payneshoney.co.uk/english-honey/english-honey-with-royal-jelly/,2018-11-24T13:26:42Z,200,Paynes Honey,true,BN6 9NP,england,true,jar,glass,wildflower,2018-11-25 10:09:11+00:00,true,simple,50.92700767,-0.162279
b43201ba-55b3-11e8-b21a-e4b3182e34ed,https://localhoneyman.co.uk/product/british-golden-honey/,2018-11-24T13:27:17Z,200,Local Honey Man,true,E17 6BH,england,true,jar,glass,golden,2018-11-25 11:44:37+00:00,true,simple,51.590989,-0.038333
b5c10712-5ddc-11e8-b567-e4b3182e34ed,http://www.thehoneybcompany.co.uk/store/p14/English_Blossom_600g_Plastic_pot.html,2018-11-24T13:24:33Z,200,The Honey B Company,true,DL10 6HQ,england,true,jar,plastic,blossom,2018-11-25 14:09:11+00:00,true,simple,54.479762,-1.631977
b5c1102c-5ddc-11e8-b567-e4b3182e34ed,http://www.fromfieldandflower.co.uk/product/london-honey/,2018-11-24T13:25:56Z,200,From Field and Flower,false,SE1 1TL,england,true,jar,glass,wildflower,2018-11-25 12:35:10+00:00,true,simple,51.50548,-0.090756
b5c1251c-5ddc-11e8-b567-e4b3182e34ed,http://mytimefare.co.uk/product/raw-enfield-honey/,2018-11-24T13:25:52Z,200,My Time Fare,false,N13 4JG,england,true,jar,glass,wildflower,2018-11-25 13:23:04+00:00,true,simple,51.6193259426957,-0.10754869046849
b6f3f20c-5878-11e8-b947-e4b3182e34ed,https://thelondonhoneycompany.co.uk/collections/honey/products/pure-honey-london-jar-250g,2018-06-17T13:01:46Z,404,London Honey Company,true,SE1 2NR,england,true,jar,glass,blossom,2018-06-18 09:10:04+00:00,false,simple,51.5016607260058,-0.076679836829259
b6f3f388-5878-11e8-b947-e4b3182e34ed,https://thelondonhoneycompany.co.uk/collections/honey/products/pure-honey-oxfordshire-jar-250g,2018-11-24T13:24:24Z,200,London Honey Company,true,SE1 2NR,england,true,jar,glass,blossom,2018-11-25 15:43:57+00:00,true,simple,51.5016607260058,-0.076679836829259
b743f752-586e-11e8-b947-e4b3182e34ed,https://www.quincehoneyfarm.co.uk/shop/honey/dandelion-honey-227g/,2018-11-24T13:23:32Z,200,Quince Honey Farm,true,EX36 3AZ,england,true,jar,glass,dandelion,2018-11-25 12:35:07+00:00,true,simple,51.0207915765962,-3.83726126105894
b74422af-532b-50d4-8ec6-43b256993330,https://www.hiveandkeeper.com/available/caramel-heather-honey-from-fylingdales-yorkshire-jes69,2018-11-11T15:02:51Z,200,Hive & Keeper,false,NA,NA,true,jar,glass,wildflower,NULL,false,squarespace,NA,NA
b8516ddc-abe5-50f4-9b1b-bb61d847d2e4,https://www.aecre.co.uk/products/lewes-honey-east-chiltington,2018-11-11T14:58:46Z,200,Aecre Honey,false,NA,NA,true,jar,glass,wildflower,NULL,false,shopify,NA,NA
b9f24aa5-872f-56eb-b7d5-41708eef0ee1,https://honeyguides.co.uk/england/somerset/city-of-bath-honey/,2018-11-22T20:25:12Z,200,Honeyguides,true,NA,NA,true,jar,glass,wildflower,NULL,false,bigcommerce,NA,NA
ba488fca-581c-11e8-a178-e4b3182e34ed,https://www.west-country-honey.co.uk/collections/honey/products/west-country-raw-honey,2018-11-24T13:24:51Z,200,West Country Honey,true,BS49 5HE,england,true,jar,glass,blossom,2018-11-25 15:41:23+00:00,true,simple,51.3644990553017,-2.80381557803241
baa7f6cb-39c1-5d4a-abfd-d6b6e70eda9d,https://www.hiveandkeeper.com/available/honey-from-dave-gillan-whitburn-west-lothian,2018-11-11T14:57:36Z,200,Hive & Keeper,false,NA,NA,true,jar,glass,wildflower,NULL,false,squarespace,NA,NA
bb8f64f0-572e-49d5-ab5b-b4abfd95539b,http://thelondonbeecompany.com/product/london-bee-company-raw-spring-honey/,2018-11-24T13:27:44Z,200,The London Bee Co,true,HA2 7HH,england,true,jar,glass,wildflower,2018-11-25 19:11:27+00:00,true,simple,51.5766401300318,-0.370078223245132
bfe9d2ed-5809-11e8-af69-e4b3182e34ed,https://www.west-country-honey.co.uk/collections/honey/products/west-country-set-honey,2018-11-24T13:23:23Z,200,West Country Honey,true,BS49 5HE,england,true,jar,glass,blossom,2018-11-25 09:16:05+00:00,true,simple,51.3644990553017,-2.80381557803241
c07207e3-9893-556d-9c5e-8c82f3a17d3e,https://www.hiveandkeeper.com/available/spicy-godstone-honey-224g,2018-11-11T14:58:40Z,200,Hive & Keeper,false,NA,NA,true,jar,glass,wildflower,NULL,false,squarespace,NA,NA
c5fb6108-c860-5842-8006-6d0a4379d831,https://www.hiveandkeeper.com/available/floral-honey-from-storrington-sussex,2018-11-11T15:00:14Z,200,Hive & Keeper,false,NA,NA,true,jar,glass,wildflower,NULL,false,squarespace,NA,NA
c85827b7-55bf-11e8-9d91-e4b3182e34ed,https://localhoneyman.co.uk/product/british-borage-honey/,2018-11-24T13:25:45Z,200,Local Honey Man,true,E17 6BH,england,true,jar,glass,borage,2018-11-25 11:05:54+00:00,true,simple,51.590989,-0.038333
c958e97c-55bf-11e8-9d91-e4b3182e34ed,https://localhoneyman.co.uk/product/rapeseed-honey/,2018-11-24T13:27:04Z,200,Local Honey Man,true,E17 6BH,england,true,jar,glass,rapeseed,2018-11-25 17:00:54+00:00,true,simple,51.590989,-0.038333
cca1f65d-50b5-4347-a294-3ed1a26d5238,https://www.payneshoney.co.uk/english-honey/thick-english-honey/,2018-06-20T00:00:00Z,0,Paynes Honey,true,BN6 9NP,england,true,jar,plastic,wildflower,2018-06-24 03:00:00+00:00,false,simple,50.92700767,-0.162279
d20538b2-586e-11e8-b947-e4b3182e34ed,https://www.quincehoneyfarm.co.uk/shop/honey/set-blossom-honey-45g/,2018-11-24T13:26:52Z,200,Quince Honey Farm,true,EX36 3AZ,england,true,jar,glass,blossom,2018-11-25 10:40:07+00:00,true,simple,51.0207915765962,-3.83726126105894
d25774ba-586e-11e8-b947-e4b3182e34ed,https://www.quincehoneyfarm.co.uk/shop/honey/1-5kg-exmoor-heather-honey/,2018-10-12T18:40:02Z,404,Quince Honey Farm,true,EX36 3AZ,england,true,jar,glass,heather,2018-10-13 18:12:48+00:00,false,simple,51.0207915765962,-3.83726126105894
d2a5552c-586e-11e8-b947-e4b3182e34ed,https://www.quincehoneyfarm.co.uk/shop/honey/1-5kg-devon-flower-set-honey/,2018-11-24T13:23:21Z,200,Quince Honey Farm,true,EX36 3AZ,england,true,jar,glass,wildflower,2018-11-25 12:08:58+00:00,true,simple,51.0207915765962,-3.83726126105894
d2acc47e-5dd7-11e8-b567-e4b3182e34ed,https://www.happyvalleyhoney.co.uk/product/blossom-honey/,2018-11-24T13:25:48Z,200,Happy Valley Honey,true,SK10 5AZ,england,true,jar,glass,blossom,2018-11-25 10:49:41+00:00,true,simple,53.2858912904737,-2.093963
d2acc58c-5dd7-11e8-b567-e4b3182e34ed,https://www.happyvalleyhoney.co.uk/product/heather-honey/,2018-11-24T13:27:08Z,200,Happy Valley Honey,true,SK10 5AZ,england,true,jar,glass,heather,2018-11-25 12:13:41+00:00,true,simple,53.2858912904737,-2.093963
d2acc6a4-5dd7-11e8-b567-e4b3182e34ed,https://www.happyvalleyhoney.co.uk/product/soft-set-honey/,2018-11-24T13:25:59Z,200,Happy Valley Honey,true,SK10 5AZ,england,true,jar,glass,wildflower,2018-11-25 13:49:31+00:00,true,simple,53.2858912904737,-2.093963
d2acce56-5dd7-11e8-b567-e4b3182e34ed,http://www.ropershoney.co.uk/1-x-local-summer-honey-runnyset--340g-collected-370-24-p.asp,2018-11-24T13:25:08Z,200,Roper's Honey,true,S44 5UW,england,true,jar,glass,wildflower,2018-11-25 09:34:51+00:00,true,simple,53.2157455246993,-1.34389500223726
d2acce56-5dd7-11e8-b567-e4b3182e34ef,https://www.ropershoney.co.uk/1-x-local-summer-honey-runnyset-24-p.asp,2018-11-24T13:27:38Z,200,Roper's Honey,true,S44 5UW,england,true,jar,glass,wildflower,2018-11-25 17:00:08+00:00,true,simple,53.2157455246993,-1.34389500223726
d2accf6e-5dd7-11e8-b567-e4b3182e34ed,http://www.ropershoney.co.uk/honey-45g-479-p.asp,2018-11-24T13:25:29Z,200,Roper's Honey,true,S44 5UW,england,true,jar,glass,wildflower,2018-11-25 10:26:35+00:00,true,simple,53.2157455246993,-1.34389500223726
d3eb8454-17c7-511f-84ec-480ea4f79a50,https://www.aecre.co.uk/products/gallywood-chelmsford-honey,2018-11-11T14:57:45Z,200,Aecre Honey,false,NA,NA,true,jar,glass,wildflower,NULL,false,shopify,NA,NA
d43275bc-591a-11e8-b947-e4b3182e34ed,http://fossewayhoney.co.uk/index.php?route=product/product&path=63&product_id=66,2018-11-24T13:25:43Z,200,Honey Blossom Farm Ltd,true,OX15 5HY,england,true,jar,glass,wildflower,2018-11-25 17:09:26+00:00,true,simple,52.050258995306,-1.53881255020776
d4327ca6-591a-11e8-b947-e4b3182e34ed,http://fossewayhoney.co.uk/index.php?route=product/product&path=63&product_id=65,2018-11-24T13:24:16Z,200,Honey Blossom Farm Ltd,true,OX15 5HY,england,true,jar,glass,wildflower,2018-11-25 11:50:32+00:00,true,simple,52.050258995306,-1.53881255020776
d432875a-591a-11e8-b947-e4b3182e34ed,http://willowbrookfarm.co.uk/product/honey-set,2018-11-24T13:23:04Z,200,Willowbrook Farm,false,OX5 2QQ,england,false,jar,glass,wildflower,2018-11-25 09:29:42+00:00,true,simple,51.845042,-1.280244
d4328c96-591a-11e8-b947-e4b3182e34ed,http://willowbrookfarm.co.uk/product/honey-clear,2018-11-24T13:23:42Z,200,Willowbrook Farm,false,OX5 2QQ,england,false,jar,glass,wildflower,2018-11-25 13:34:39+00:00,true,simple,51.845042,-1.280244
d7414419-9163-4723-9f49-22fa0aff2511,http://www.thehoneyfarm.co.uk/catalog_view.php?id=36,2018-11-24T17:00:46Z,1000,New Quay Honey Farm,true,SA44 6NN,wales,true,jar,glass,wildflower,2018-11-25 19:25:44+00:00,true,simple,52.1822905798795,-4.34347068473805
d7a4592a-e652-11e8-8fe5-e4b3182e34ed,https://birdandblendtea.com/uk_en/tea/search/honey/brighton-raw-honey.html?___store=uk_en,2018-11-24T13:25:31Z,200,Bird and Blend Tea Co,false,BN1 1UN,england,true,jar,glass,wildflower,2018-11-25 16:37:55+00:00,true,simple,50.824925,-0.139379154
ded6e426-bde8-54db-9514-cc8a21bf13bb,https://www.hiveandkeeper.com/available/a-nutty-honey-from-pulborough-sussex,2018-11-11T14:59:43Z,200,Hive & Keeper,false,NA,NA,true,jar,glass,wildflower,NULL,false,squarespace,NA,NA
e1e05fef-7902-43e8-ac1a-8c87b7d9e2d9,http://www.croftapiaries.co.uk/product/runny-honey-tub-1-35kg/,2018-11-24T13:24:02Z,200,Croft Apiaries,true,LN8 2BE,england,true,jar,plastic,wildflower,2018-11-25 13:39:11+00:00,true,simple,53.4210953522243,-0.520322893868707
e465dfce-5914-11e8-b947-e4b3182e34ed,https://thelondonhoneycompany.co.uk/collections/honey/products/pure-honey-salisbury-plain-jar-250g,2018-11-24T13:25:05Z,200,London Honey Company,true,SE1 2NR,england,true,jar,glass,blossom,2018-11-25 11:16:08+00:00,true,simple,51.5016607260058,-0.076679836829259
e465e5fa-5914-11e8-b947-e4b3182e34ed,https://thelondonhoneycompany.co.uk/collections/honey/products/pure-honey-shropshire-jar-250g,2018-11-24T13:24:26Z,200,London Honey Company,true,SE1 2NR,england,true,jar,glass,blossom,2018-11-25 18:13:45+00:00,true,simple,51.5016607260058,-0.076679836829259
e465e834-5914-11e8-b947-e4b3182e34ed,https://thelondonhoneycompany.co.uk/collections/honey/products/pure-honey-shropshire-ling-heather-jar-250g,2018-11-24T13:24:18Z,200,London Honey Company,true,SE1 2NR,england,true,jar,glass,ling-heather,2018-11-25 18:11:49+00:00,true,simple,51.5016607260058,-0.076679836829259
e465ea1e-5914-11e8-b947-e4b3182e34ed,https://thelondonhoneycompany.co.uk/collections/honey/products/pure-honey-wood-sage-jar-250g,2018-11-24T13:25:10Z,200,London Honey Company,true,SE1 2NR,england,true,jar,glass,wood-sage,2018-11-25 09:23:07+00:00,true,simple,51.5016607260058,-0.076679836829259
e4ce2f45-5807-11e8-a3be-e4b3182e34ed,https://thelondonhoneycompany.co.uk/collections/honey/products/raw-honey-borage-jar-250g,2018-11-24T13:23:46Z,200,London Honey Company,true,SE1 2NR,england,true,jar,glass,borage,2018-11-25 15:39:46+00:00,true,simple,51.5016607260058,-0.076679836829259
e4f7b35c-5807-11e8-a3be-e4b3182e34ed,https://thelondonhoneycompany.co.uk/collections/honey/products/raw-honey-isle-of-purbeck-jar-250g,2018-11-24T13:23:06Z,200,London Honey Company,true,SE1 2NR,england,true,jar,glass,blosson,2018-11-25 14:32:58+00:00,true,simple,51.5016607260058,-0.076679836829259
e534651a-5807-11e8-a3be-e4b3182e34ed,https://thelondonhoneycompany.co.uk/collections/honey/products/raw-honey-london-jar-250g,2018-05-15T07:19:17Z,200,London Honey Company,true,SE1 2NR,england,true,jar,glass,blosson,2018-05-15 11:19:17.024742+00:00,false,simple,51.5016607260058,-0.076679836829259
e55b9d64-5807-11e8-a3be-e4b3182e34ed,https://thelondonhoneycompany.co.uk/collections/honey/products/raw-honey-oxfordshire-jar-250g,2018-05-15T07:19:17Z,200,London Honey Company,true,SE1 2NR,england,true,jar,glass,blossom,2018-05-15 10:19:17.503363+00:00,false,simple,51.5016607260058,-0.076679836829259
e5a43b2d-5807-11e8-a3be-e4b3182e34ed,https://thelondonhoneycompany.co.uk/collections/honey/products/raw-honey-salisbury-plain-jar-250g,2018-05-15T07:19:17Z,200,London Honey Company,true,SE1 2NR,england,true,jar,glass,blossom,2018-05-15 09:19:17.986278+00:00,false,simple,51.5016607260058,-0.076679836829259
e5ddb109-2b97-5dc3-b29f-e76efd3178e9,https://www.hiveandkeeper.com/available/spicy-bradwell-on-sea-honey,2018-11-21T14:39:22Z,200,Hive & Keeper,false,NA,NA,true,jar,glass,wildflower,NULL,false,squarespace,NA,NA
e5ee2f14-5807-11e8-a3be-e4b3182e34ed,https://thelondonhoneycompany.co.uk/collections/honey/products/raw-honey-shropshire-jar-250g,2018-05-15T07:19:18Z,200,London Honey Company,true,SE1 2NR,england,true,jar,glass,blossom,2018-05-15 09:19:18.243761+00:00,false,simple,51.5016607260058,-0.076679836829259
e6142404-5807-11e8-a3be-e4b3182e34ed,https://thelondonhoneycompany.co.uk/collections/honey/products/raw-honey-shropshire-ling-heather-jar-250g,2018-05-15T07:19:18Z,200,London Honey Company,true,SE1 2NR,england,true,jar,glass,ling-heather,2018-05-15 10:19:18.729338+00:00,false,simple,51.5016607260058,-0.076679836829259
e65e99ca-5807-11e8-a3be-e4b3182e34ed,https://thelondonhoneycompany.co.uk/collections/honey/products/raw-honey-wood-sage-jar-250g,2018-05-15T07:19:18Z,200,London Honey Company,true,SE1 2NR,england,true,jar,glass,wood-sage,2018-05-15 10:19:18.983782+00:00,false,simple,51.5016607260058,-0.076679836829259
e6851096-9c36-4097-ae4a-d7ad27473d10,https://www.payneshoney.co.uk/english-honey/340g-thick-english/,2018-11-24T13:24:31Z,200,Paynes Honey,true,BN6 9NP,england,true,jar,glass,wildflower,2018-11-25 11:16:28+00:00,true,simple,50.92700767,-0.162279
e74f6bd5-7682-48c3-888d-3b252ccaf63e,http://www.thebeefarmer.co.uk/webshop/honey/227g-8oz-honey/,2018-11-24T13:27:07Z,200,The Bee Farmer,true,LE67 1AH,england,true,jar,glass,wildflower,2018-11-25 16:00:12+00:00,true,simple,52.666172,-1.31420595194252
e9a73fe5-1787-4f67-a0d0-4c788036bed1,http://www.stickeys.co.uk/product/yorkshire-blossom/,2018-11-24T13:24:55Z,200,Stickey's Honey,true,WF4 4BA,england,true,jar,glass,blossom,2018-11-25 16:39:54+00:00,true,simple,53.6396416084049,-1.62282297016876
e9a73fe5-1787-4f67-a0d0-4c788036bed2,http://www.stickeys.co.uk/product/wakefield-summer-honey/,2018-11-24T13:27:19Z,200,Stickey's Honey,true,WF4 4BA,england,true,jar,glass,wildflower,2018-11-25 15:16:55+00:00,true,simple,53.6396416084049,-1.62282297016876
e9a73fe5-1787-4f67-a0d0-4c788036bed3,http://www.stickeys.co.uk/product/borage-honey/,2018-11-24T13:25:00Z,200,Stickey's Honey,true,WF4 4BA,england,true,jar,glass,borage,2018-11-25 18:38:11+00:00,true,simple,53.6396416084049,-1.62282297016876
e9a73fe5-1787-4f67-a0d0-4c788036bedc,http://www.stickeys.co.uk/product/leeds-summer-honey-2/,2018-11-24T13:25:46Z,200,Stickey's Honey,true,WF4 4BA,england,true,jar,glass,wildflower,2018-11-25 14:50:02+00:00,true,simple,53.6396416084049,-1.62282297016876
e9a73fe5-1787-4f67-a0d0-4c788036bedd,http://www.stickeys.co.uk/product/woodland-honey/,2018-11-24T13:25:27Z,200,Stickey's Honey,true,WF4 4BA,england,true,jar,glass,woodland,2018-11-25 19:42:17+00:00,true,simple,53.6396416084049,-1.62282297016876
e9a73fe5-1787-4f67-a0d0-4c788036bede,http://www.stickeys.co.uk/product/rhubarb-triangle-honey/,2018-11-24T13:26:46Z,200,Stickey's Honey,true,WF4 4BA,england,true,jar,glass,wildflower,2018-11-25 15:36:20+00:00,true,simple,53.6396416084049,-1.62282297016876
e9a73fe5-1787-4f67-a0d0-4c788036bedf,http://www.stickeys.co.uk/product/heather-honey/,2018-11-24T13:27:16Z,200,Stickey's Honey,true,WF4 4BA,england,true,jar,glass,heather,2018-11-25 10:08:25+00:00,true,simple,53.6396416084049,-1.62282297016876
eb5476b2-5ec2-4916-a292-81b81a681ff9,https://www.payneshoney.co.uk/english-honey/42g-mini-pot-thick-english-honey/,2018-11-24T13:24:01Z,200,Paynes Honey,true,BN6 9NP,england,true,jar,glass,wildflower,2018-11-25 14:04:50+00:00,true,simple,50.92700767,-0.162279
ebd39fc8-8e91-11e8-8895-e4b3182e34ed,http://www.birdysdevonhoney.co.uk/html/products.html,2018-11-24T13:25:11Z,200,Birdy's Devon Honey,true,PL7 5HN,england,true,jar,glass,wildflower,2018-11-25 14:37:56+00:00,true,simple,50.4392480245724,-4.03353939043784
ebd3b0a8-8e91-11e8-8895-e4b3182e34ed,http://www.birdysdevonhoney.co.uk/html/products.html,2018-11-24T13:25:26Z,200,Birdy's Devon Honey,true,PL7 5HN,england,true,jar,glass,wildflower,2018-11-25 10:29:29+00:00,true,simple,50.4392480245724,-4.03353939043784
ebd3b8e6-8e91-11e8-8895-e4b3182e34ed,http://www.birdysdevonhoney.co.uk/html/products.html,2018-11-24T13:23:34Z,200,Birdy's Devon Honey,true,PL7 5HN,england,true,jar,glass,wildflower,2018-11-25 09:34:31+00:00,true,simple,50.4392480245724,-4.03353939043784
ebd3bfee-8e91-11e8-8895-e4b3182e34ed,http://www.birdysdevonhoney.co.uk/html/products.html,2018-11-24T13:24:27Z,200,Birdy's Devon Honey,true,PL7 5HN,england,true,jar,glass,wildflower,2018-11-25 16:16:25+00:00,true,simple,50.4392480245724,-4.03353939043784
ebd3c62e-8e91-11e8-8895-e4b3182e34ed,http://www.birdysdevonhoney.co.uk/html/products.html,2018-11-24T13:24:11Z,200,Birdy's Devon Honey,true,PL7 5HN,england,true,jar,glass,wildflower,2018-11-25 13:21:45+00:00,true,simple,50.4392480245724,-4.03353939043784
ebd3cc46-8e91-11e8-8895-e4b3182e34ed,http://www.birdysdevonhoney.co.uk/html/products.html,2018-11-24T13:27:52Z,200,Birdy's Devon Honey,true,PL7 5HN,england,true,jar,glass,wildflower,2018-11-25 15:44:32+00:00,true,simple,50.4392480245724,-4.03353939043784
ebd3eb04-8e91-11e8-8895-e4b3182e34ed,https://pahammond5.wixsite.com/localexeterrawhoney/the-beekeeper-and-the-honey,2018-11-24T13:25:55Z,200,Local Exeter Raw Honey,true,EX1 3AS,england,true,jar,glass,wildflower,2018-11-25 12:06:31+00:00,true,simple,50.7246742910392,-3.49653623571056
edbf2b45-7eb7-42a2-a0a8-9f7e0cf23aac,https://www.payneshoney.co.uk/non-drip-squeezy-bottle-range/250g-squeezable-bottle-english-honey/,2018-11-24T13:24:30Z,200,Paynes Honey,true,BN6 9NP,england,true,jar,plastic,wildflower,2018-11-25 17:01:11+00:00,true,simple,50.92700767,-0.162279
eeffba97-12ac-57d6-8c63-b2043c44ca98,https://www.hiveandkeeper.com/available/a-nutty-honey-from-pulborough-sussex,2018-11-11T14:59:43Z,200,Hive & Keeper,false,NA,NA,true,jar,glass,wildflower,NULL,false,squarespace,NA,NA
ef0ee1e0-5dfc-11e8-b567-e4b3182e34ed,http://www.hiveandkeeper.com/available/fruity-honey-from-brain-bull-braintree-essex,2018-06-20T00:00:00Z,0,Hive And Keeper,false,SW18 3JY,england,true,jar,glass,wildflower,2018-06-24 03:00:00+00:00,false,simple,51.4433408763912,-0.17321318659058
ef0ee1e0-5dfc-11e8-b567-e4b3182e34ef,http://www.hiveandkeeper.com/available/copy-of-344-g-12-oz-animal-farm-goxhill-north-lincs-fruity-aaab6,2018-06-20T00:00:00Z,0,Hive And Keeper,false,SW18 3JY,england,true,jar,glass,wildflower,2018-06-24 03:00:00+00:00,false,simple,51.4433408763912,-0.17321318659058
ef0ee8c0-5dfc-11e8-b567-e4b3182e34ed,http://www.hiveandkeeper.com/shop/fruity-honey-from-brain-bull-braintree-essex,2018-06-20T17:01:22Z,404,Hive And Keeper,false,SW18 3JY,england,true,jar,glass,wildflower,2018-06-21 10:14:00+00:00,false,simple,51.4433408763912,-0.17321318659058
ef0eee06-5dfc-11e8-b567-e4b3182e34ed,http://www.hiveandkeeper.com/shop/caramel-honey-from-keith-lomax-burnham-on-crouch,2018-06-20T17:03:31Z,404,Hive And Keeper,false,SW18 3JY,england,true,jar,glass,wildflower,2018-06-21 12:19:06+00:00,false,simple,51.4433408763912,-0.17321318659058
ef0ef716-5dfc-11e8-b567-e4b3182e34ed,http://www.hiveandkeeper.com/shop/fruity-ottershaw-honey,2018-06-20T17:00:56Z,404,Hive And Keeper,false,SW18 3JY,england,true,jar,glass,wildflower,2018-06-21 19:18:06+00:00,false,simple,51.4433408763912,-0.17321318659058
f099a178-ca1b-5357-8974-c9fe96581869,https://www.hiveandkeeper.com/available/floral-tooting-honey-224g,2018-11-11T14:58:08Z,200,Hive & Keeper,false,NA,NA,true,jar,glass,wildflower,NULL,false,squarespace,NA,NA
f3869da1-586a-11e8-b341-e4b3182e34a0,https://www.chainbridgehoney.com/product/tweedside-honey-including-heather-standard-jar-454g/,2018-11-24T13:26:35Z,200,Chain Bridge Honey Farm,true,TD15 2XT,england,true,jar,plastic,heather-blossom-mix,2018-11-25 10:22:27+00:00,true,simple,55.749556,-2.10424
f3869da1-586a-11e8-b341-e4b3182e34a1,https://www.chainbridgehoney.com/product/tweedside-honey-140g/,2018-11-24T13:23:24Z,200,Chain Bridge Honey Farm,true,TD15 2XT,england,true,jar,plastic,blossom,2018-11-25 09:24:42+00:00,true,simple,55.749556,-2.10424
f3869da1-586a-11e8-b341-e4b3182e34ed,https://www.chainbridgehoney.com/product/tweedside-honey-454g/,2018-08-18T14:30:11Z,404,Chain Bridge Honey Farm,true,TD15 2XT,england,true,jar,plastic,blossom,2018-08-19 16:07:12+00:00,false,simple,55.749556,-2.10424
f3869da1-586a-11e8-b341-e4b3182e34ee,https://www.chainbridgehoney.com/product/heather-honey/,2018-11-24T13:27:25Z,200,Chain Bridge Honey Farm,true,TD15 2XT,england,true,jar,plastic,heather,2018-11-25 19:14:15+00:00,true,simple,55.749556,-2.10424
f3869da1-586a-11e8-b341-e4b3182e34ef,https://www.chainbridgehoney.com/product/tweedside-honey-340g/,2018-11-24T13:26:55Z,200,Chain Bridge Honey Farm,true,TD15 2XT,england,true,jar,plastic,blossom,2018-11-25 14:24:00+00:00,true,simple,55.749556,-2.10424
f3869da1-586a-11e8-ca00-e4b3182e34ed,http://haughtonhoney.com/shop/honey/340g-jar-of-haughton-honey,2018-11-24T13:23:20Z,200,Haughton Honey,true,CW6 9RJ,england,true,jar,glass,wildflower,2018-11-25 14:29:08+00:00,true,simple,53.0972226281451,-2.60675893578294
f3869da1-586a-11e8-ca01-e4b3182e34ed,http://haughtonhoney.com/shop/honey/english-heather-honey-340g-jar,2018-11-24T13:24:18Z,200,Haughton Honey,true,CW6 9RJ,england,true,jar,glass,heather,2018-11-25 11:39:06+00:00,true,simple,53.0972226281451,-2.60675893578294
f3869da1-586a-11e8-ca02-e4b3182e34ed,http://haughtonhoney.com/shop/honey/honey-900g-pot,2018-11-24T13:24:17Z,200,Haughton Honey,true,CW6 9RJ,england,true,jar,plastic,heather,2018-11-25 10:21:29+00:00,true,simple,53.0972226281451,-2.60675893578294
f514d5f2-f04c-4af2-bb4d-0c8fc29dc58d,http://www.midgleygreen.com/shop/somerset-set-honey,2018-11-24T13:24:21Z,200,Midgley Green,false,BS21 7QH,england,false,jar,glass,wildflower,2018-11-25 17:57:06+00:00,true,simple,51.4418231637211,-2.85908526512726
f7fcb426-132b-40d1-8def-82ab33d9977f,https://scottishbeecompany.co.uk/product/scottish-blossom-honey/,2018-11-24T13:27:20Z,200,Scottish Bee Company,true,EH4 9EP,scotland,true,jar,glass,blossom,2018-11-25 14:11:16+00:00,true,simple,55.959478,-3.225591
fdc0a60a-5804-11e8-9fce-e4b3182e34ed,https://localhoneyman.co.uk/product/pure-heather-ling-honey/,2018-11-24T17:00:49Z,1003,Local Honey Man,true,E17 6BH,england,true,jar,glass,heather,2018-11-25 17:24:23+00:00,true,simple,51.590989,-0.038333
fe675d22-f008-4593-ba86-c6ef8b6bf328,http://www.thecheeseandwineshop.co.uk/products/340g-sedgemoor-runny-honey-340g.asp,2018-11-24T13:27:46Z,200,The Cheese and Wine Shop,false,TA21 8NR,england,false,jar,glass,wildflower,2018-11-25 16:09:56+00:00,true,simple,50.9779260734352,-3.22683356998046
