check_id,check_url,last_checked_at,last_checked_status_code,supplier_name,supplier_is_beekeeper,supplier_postcode,country,sell_direct,medium,packaging_type,honey_type,next_check_at,check_enabled,parser
004c0dbd-714b-11e8-9113-e4b3182e34ed,https://www.hebdentea.com/shop/york-honey-local-product/,2018-11-24 13:27:22.478625+00:00,200,Hebden Tea,false,Y01 7LZ,england,false,jar,glass,wildflower,2018-11-25 19:52:09+00:00,true,simple
01358568-0340-4acf-a7f1-ee0af15a85f4,http://www.thehoneyfarm.co.uk/catalog_view.php?id=17,2018-11-24 17:00:43.393662+00:00,1000,New Quay Honey Farm,true,SA44 6NN,wales,true,jar,glass,heather,2018-11-25 14:33:58+00:00,true,simple
03675ea8-e6e6-438e-8d17-e557c6c7a277,http://www.thecheeseandwineshop.co.uk/products/sedgemoor-runny-honey-227g.asp,2018-11-24 13:27:31.091308+00:00,200,The Cheese and Wine Shop,false,TA21 8NR,england,false,jar,glass,wildflower,2018-11-25 18:12:18+00:00,true,simple
03dc79f4-e7a8-5f4d-bb30-ccf4f2aa3b08,https://www.hiveandkeeper.com/available/spicy-honey-from-matt-aldridge-woolley,2018-11-11 15:01:49.159351+00:00,200,Hive & Keeper,false,,,true,jar,glass,wildflower,NULL,false,squarespace
051bdc02-591d-11e8-b947-e4b3182e34ed,https://www.honeyfieldsbeefarm.co.uk/product/340g-clear-pure-english-honey/,2018-11-24 13:25:16.882982+00:00,200,Honeyfields Bee Farm,true,CV2 1NT,england,true,jar,plastic,wildflower,2018-11-25 17:35:26+00:00,true,simple
051be026-591d-11e8-b947-e4b3182e34ed,https://www.honeyfieldsbeefarm.co.uk/product/340g-set-pure-english-honey/,2018-11-24 13:23:36.012047+00:00,200,Honeyfields Bee Farm,true,CV2 1NT,england,true,jar,plastic,wildflower,2018-11-25 09:43:42+00:00,true,simple
051be210-591d-11e8-b947-e4b3182e34ed,https://www.honeyfieldsbeefarm.co.uk/product/1kg-clear-pure-english-honey/,2018-11-24 13:27:49.47197+00:00,200,Honeyfields Bee Farm,true,CV2 1NT,england,true,jar,plastic,wildflower,2018-11-25 19:48:51+00:00,true,simple
051be3be-591d-11e8-b947-e4b3182e34ed,https://www.honeyfieldsbeefarm.co.uk/product/1kg-set-pure-english-honey/,2018-11-24 13:24:29.104633+00:00,200,Honeyfields Bee Farm,true,CV2 1NT,england,true,jar,plastic,wildflower,2018-11-25 12:28:43+00:00,true,simple
06a837f9-2553-4c92-959c-513879a72680,http://www.croftapiaries.co.uk/product/yorkshire-moors-honey-tub-1-35kg/,2018-11-24 13:24:13.63764+00:00,200,Croft Apiaries,true,LN8 2BE,england,true,jar,plastic,heather,2018-11-25 10:12:58+00:00,true,simple
09d18410-5282-4752-a21b-d780d3d20d58,https://www.payneshoney.co.uk/english-honey/340g-clear-english/,2018-11-24 13:24:32.80976+00:00,200,Paynes Honey,true,BN6 9NP,england,true,jar,glass,wildflower,2018-11-25 19:56:13+00:00,true,simple
0aeb9f82-e653-11e8-8fe5-e4b3182e34ed,http://www.finandfarm.co.uk/index.php?route=product/product&product_id=12253,2018-11-24 13:25:34.571273+00:00,200,Find&Farm,false,BN3 7LT,england,true,jar,glass,wildflower,2018-11-25 17:54:33+00:00,true,simple
0aeba3ce-e653-11e8-8fe5-e4b3182e34ed,http://www.finandfarm.co.uk/index.php?route=product/product&product_id=12255,2018-11-24 13:24:19.545397+00:00,200,Find&Farm,false,BN3 7LT,england,true,jar,glass,wildflower,2018-11-25 10:24:07+00:00,true,simple
0aebaa04-e653-11e8-8fe5-e4b3182e34ed,https://greenvalleys.uk/product/blackman-bee-farm-honey-340g/,2018-11-24 13:26:44.922299+00:00,200,greenvalleys,false,BN1 4JU,england,true,jar,glass,wildflower,2018-11-25 09:34:37+00:00,true,simple
0aebb012-e653-11e8-8fe5-e4b3182e34ed,https://greenvalleys.uk/product/sussex-honey-125g/,2018-11-24 13:24:34.827065+00:00,200,greenvalleys,false,BN1 4JU,england,true,jar,glass,wildflower,2018-11-25 11:42:23+00:00,true,simple
0cbc23f8-2cc6-5fe6-b0b7-3537fb3d30ff,https://www.hiveandkeeper.com/available/floral-honey-from-storrington-sussex,2018-11-11 15:00:14.935481+00:00,200,Hive & Keeper,false,,,true,jar,glass,wildflower,NULL,false,squarespace
0e395b7d-9ad0-521c-b5e5-17a5190cc060,https://www.hiveandkeeper.com/available/caramel-heather-honey-from-fylingdales-yorkshire-jes69,2018-11-11 15:02:51.872285+00:00,200,Hive & Keeper,false,,,true,jar,glass,wildflower,NULL,false,squarespace
0fc03374-5e5e-11e8-b567-e4b3182e34ed,https://www.beckysbeesonlineshop.co.uk/12oz-jar-of-honey-885-p.asp,2018-11-24 13:24:17.083424+00:00,200,Becky's Beezzz,true,SP11 6LF,england,true,jar,glass,wildflower,2018-11-25 16:58:38+00:00,true,simple
0fc03375-5e5e-11e8-b567-e4b3182e34ed,http://www.lydiardpark.org.uk/shop/Pages/Honey.aspx,2018-06-16 09:09:27.218562+00:00,1000,Lydiard Park,true,SN5 3PA,england,true,jar,glass,wildflower,2018-06-17 10:33:42+00:00,false,simple
0fc03376-5e5e-11e8-b567-e4b3182e34ed,https://www.wenlockedgefarm.co.uk/p/Beez_Neez_Shropshire_Honey_340g/00bf9f69209f4692a8e0559c7c54881e/637b6dd15f3e426abad8c73c7b97e453/,2018-11-24 13:23:34.944044+00:00,200,Wenlock Edge Farm,false,TF13 6DU,england,true,jar,glass,wildflower,2018-11-25 15:25:54+00:00,true,simple
0fc03377-5e5e-11e8-b567-e4b3182e34ed,https://shop.fordhallfarm.com/p/Shropshire_Honey/6359d13c7c2a403f979130e36d3b49e0/de416c44e8d14a55a53eb4204c0da5e9/,2018-11-24 13:26:26.838014+00:00,200,Ford Hall Farm,false,TF9 3PS,england,true,jar,glass,wildflower,2018-11-25 17:33:56+00:00,true,simple
0fc03428-5e5e-11e8-b567-e4b3182e34ed,https://www.beckysbeesonlineshop.co.uk/8oz-jar-of-honey-889-p.asp,2018-11-24 13:23:53.705264+00:00,200,Becky's Beezzz,true,SP11 6LF,england,true,jar,glass,wildflower,2018-11-25 10:49:56+00:00,true,simple
0fc034e6-5e5e-11e8-b567-e4b3182e34ed,https://www.beckysbeesonlineshop.co.uk/mini-jars-of-honey-2374-p.asp,2018-11-24 13:26:50.783133+00:00,200,Becky's Beezzz,true,SP11 6LF,england,true,jar,glass,wildflower,2018-11-25 12:44:46+00:00,true,simple
10cfc932-815c-4a4e-ad04-04b0b01bacd3,http://www.thehoneyfarm.co.uk/catalog_view.php?id=37,2018-11-24 17:00:45.089933+00:00,1000,New Quay Honey Farm,true,SA44 6NN,wales,true,jar,glass,wildflower,2018-11-25 14:09:35+00:00,true,simple
11083b07-f7d3-5c3a-87eb-c48509af5a4d,https://www.hiveandkeeper.com/available/fruity-honey-from-brain-bull-braintree-essex,2018-11-11 14:57:05.537824+00:00,200,Hive & Keeper,false,,,true,jar,glass,wildflower,NULL,false,squarespace
11c2042d-20c8-4036-a861-b22b525a347b,https://www.payneshoney.co.uk/english-honey/227g-clear-english-honey/,2018-11-24 13:23:41.462428+00:00,200,Paynes Honey,true,BN6 9NP,england,true,jar,glass,wildflower,2018-11-25 10:03:39+00:00,true,simple
13fdfdb5-57e7-55d8-a053-9ea0c4c1996a,https://www.hiveandkeeper.com/available/fruity-honey-from-brain-bull-braintree-essex-kgd5g-sn4sl,2018-11-21 14:40:25.392254+00:00,200,Hive & Keeper,false,,,true,jar,glass,wildflower,NULL,false,squarespace
1623ceb8-ceef-11e8-a917-e4b3182e34ed,https://www.blackbeehoney.co/shop/festive-honey,2018-11-24 13:24:12.335322+00:00,200,Black Bee Honey Company,false,BA10 0PE,england,false,jar,glass,wildflower,2018-11-25 09:55:33+00:00,true,simple
16452b6f-6a24-502d-8af3-a02e8ec7772b,https://www.aecre.co.uk/products/local-honey-east-hoathly-lewes,2018-11-11 14:59:16.978706+00:00,200,Aecre Honey,false,,,true,jar,glass,wildflower,NULL,false,shopify
165b0dcd-7257-46b3-8d75-d85d5620b113,http://thelondonbeecompany.com/product/raw-summer-honey-strawberry-hill-middlesex/,2018-11-24 13:24:05.537809+00:00,200,The London Bee Co,true,HA2 7HH,england,true,jar,glass,wildflower,2018-11-25 13:40:54+00:00,true,simple
17f9e5c7-0b13-547f-8396-ae4338a59cb3,https://www.aecre.co.uk/products/twyford-reading-honey,2018-11-11 15:01:50.113248+00:00,200,Aecre Honey,false,,,true,jar,glass,wildflower,NULL,false,shopify
181bc6c7-18f0-57f4-9562-3214270315ca,https://www.hiveandkeeper.com/available/floral-tooting-honey-224g,2018-11-11 14:58:08.547936+00:00,200,Hive & Keeper,false,,,true,jar,glass,wildflower,NULL,false,squarespace
19cf09ce-782a-57aa-bfd7-a50bb1f980b0,https://www.hiveandkeeper.com/available/spicy-honey-from-matt-aldridge-yattendon,2018-11-11 15:01:17.846667+00:00,200,Hive & Keeper,false,,,true,jar,glass,wildflower,NULL,false,squarespace
1a50ab78-6db0-11e8-b96b-e4b3182e34ed,https://www.blackbeehoney.co/shop/summer-honey,2018-11-24 13:24:53.906457+00:00,404,Black Bee Honey Company,false,BA10 0PE,england,false,jar,glass,wildflower,2018-11-25 11:27:25+00:00,true,simple
1a514574-6db0-11e8-b96b-e4b3182e34ed,https://www.blackbeehoney.co/shop/british-heather-honey,2018-11-24 13:26:58.930869+00:00,200,Black Bee Honey Company,false,BA10 0PE,england,false,jar,glass,heather,2018-11-25 19:32:48+00:00,true,simple
1a514bc8-6db0-11e8-b96b-e4b3182e34ed,https://www.blackbeehoney.co/shop/london-honey,2018-11-24 13:25:43.024674+00:00,200,Black Bee Honey Company,false,BA10 0PE,england,false,jar,glass,wildflower,2018-11-25 10:39:33+00:00,true,simple
1a515172-6db0-11e8-b96b-e4b3182e34ed,https://www.blackbeehoney.co/shop/seaside-honey,2018-11-24 13:25:41.908538+00:00,200,Black Bee Honey Company,false,BA10 0PE,england,false,jar,glass,wildflower,2018-11-25 12:02:14+00:00,true,simple
1aaf5197-2d73-4b64-a91e-08a24b4d10b0,http://www.croftapiaries.co.uk/product/set-lincolnshire-honey-340gm/,2018-11-24 13:23:39.017479+00:00,200,Croft Apiaries,true,LN8 2BE,england,true,jar,glass,wildflower,2018-11-25 14:09:30+00:00,true,simple
1b165b65-105d-46b0-ae65-51b83fc690f3,http://www.bbha.biz/shopproduct.asp?Code=honeycr227g,2018-11-24 13:24:40.263866+00:00,200,Blue Bell Hill Apiaries,true,ME5 9QN,england,true,jar,glass,wildflower,2018-11-25 09:08:16+00:00,true,simple
1cde22cc-07ce-5d64-a9e8-44c16b2635c3,https://honeyguides.co.uk/england/wiltshire/semley-shaftesbury-honey/,2018-11-22 20:25:15.483693+00:00,200,Honeyguides,true,,,true,jar,glass,wildflower,NULL,false,bigcommerce
21f6b7e0-711c-5fe3-b335-335869a049ac,https://www.hiveandkeeper.com/available/fruity-honey-from-brain-bull-braintree-essex,2018-11-11 14:57:05.537631+00:00,200,Hive & Keeper,false,,,true,jar,glass,wildflower,NULL,false,squarespace
22ea0f31-8da4-46c0-8f4b-79c1ea278672,http://www.bbha.biz/equipmentproduct.asp?Code=honeycr340&ReturnPage=0,2018-11-24 13:24:48.688195+00:00,200,Blue Bell Hill Apiaries,true,ME5 9QN,england,true,jar,glass,wildflower,2018-11-25 15:11:53+00:00,true,simple
22eb4915-dfa9-5886-8889-3afc2500fa8f,https://www.hiveandkeeper.com/available/spicy-godstone-honey-224g,2018-11-11 14:58:40.330972+00:00,200,Hive & Keeper,false,,,true,jar,glass,wildflower,NULL,false,squarespace
2a0e3c99-854b-4ad7-a6b1-30cdaaa7684f,http://www.thehoneyfarm.co.uk/catalog_view.php?id=5,2018-11-24 17:00:31.15534+00:00,1000,New Quay Honey Farm,true,SA44 6NN,wales,true,jar,glass,borage,2018-11-25 11:44:41+00:00,true,simple
2a5db96a-5de9-11e8-b567-e4b3182e34ed,https://www.cathedralshop.com/products/two-cathedral-honey,2018-11-24 13:24:41.727561+00:00,200,Liverpool Cathedral,true,L1 7AZ,england,true,jar,glass,wildflower,2018-11-25 10:30:47+00:00,true,simple
2a5df8c6-5de9-11e8-b567-e4b3182e34ed,https://www.ottarchocolate.com/shop/diverse-nectar-honey,2018-11-24 13:23:21.813543+00:00,200,Ottar Chocolate,true,S80 3LT,england,true,jar,glass,wildflower,2018-11-25 11:05:34+00:00,true,simple
2a5dfee8-5de9-11e8-b567-e4b3182e34ed,https://www.etsy.com/uk/listing/504486184/beeloved-42g-15oz-pure-heather-honey-raw,2018-10-12 18:43:20.588649+00:00,1003,BeeLoved,true,HU8 9ER,england,true,jar,glass,heather,2018-10-13 11:39:06+00:00,false,simple
2a5dfee9-5de9-11e8-b567-e4b3182e34ed,https://www.etsy.com/uk/listing/517097879/beeloved-226g-8oz-pure-heather-honey-raw,2018-11-24 13:25:02.9997+00:00,200,BeeLoved,true,HU8 9ER,england,true,jar,glass,heather,2018-11-25 10:27:21+00:00,true,simple
2a5dff9c-5de9-11e8-b567-e4b3182e34ed,https://www.etsy.com/uk/listing/484265145/beeloved-226g-8oz-pure-yorkshire-honey,2018-11-24 13:25:20.707335+00:00,200,BeeLoved,true,HU8 9ER,england,true,jar,glass,wildflower,2018-11-25 16:53:05+00:00,true,simple
2a5dff9d-5de9-11e8-b567-e4b3182e34ed,https://www.etsy.com/uk/listing/484267569/beeloved-42g-15oz-pure-yorkshire-honey,2018-10-12 18:43:14.653609+00:00,1003,BeeLoved,true,HU8 9ER,england,true,jar,glass,wildflower,2018-10-13 12:08:23+00:00,false,simple
2a7e18ae-75c4-512e-aa4d-e5b49d1fc80a,https://honeyguides.co.uk/england/wiltshire/swindon-cotswold-water-park-honey/,2018-11-22 20:25:14.723904+00:00,200,Honeyguides,true,,,true,jar,glass,wildflower,NULL,false,bigcommerce
343d1f5b-55b0-11e8-a0b5-e4b3182e34ed,http://www.heatherhills.co.uk/scottish-honey.html?page=shop.product_details&flypage=flypage.pbv.v3.tpl&product_id=63&category_id=1,2018-05-15 06:58:24.359903+00:00,200,Heather Hills Farm,true,PH10 7JG,scotland,true,jar,glass,heather,2018-05-15 09:58:24.359903+00:00,false,simple
35715abd-55b0-11e8-a0b5-e4b3182e34ed,http://www.heatherhills.co.uk/scottish-honey.html?page=shop.product_details&flypage=flypage.pbv.v3.tpl&product_id=3&category_id=1,2018-06-17 14:42:54.998639+00:00,1000,Heather Hills Farm,true,PH10 7JG,scotland,true,jar,glass,blossom,2018-06-18 14:48:34+00:00,false,simple
35fa874d-55b0-11e8-a0b5-e4b3182e34ed,http://www.heatherhills.co.uk/scottish-honey.html?page=shop.product_details&flypage=flypage.pbv.v3.tpl&product_id=70&category_id=1,2018-11-24 13:26:11.485013+00:00,200,Heather Hills Farm,true,PH10 7JG,scotland,true,jar,glass,heather,2018-11-25 14:24:29+00:00,true,simple
367e2eb3-55b0-11e8-a0b5-e4b3182e34ed,http://www.heatherhills.co.uk/scottish-honey.html?page=shop.product_details&flypage=flypage.pbv.v3.tpl&product_id=71&category_id=1,2018-11-24 13:27:48.693517+00:00,200,Heather Hills Farm,true,PH10 7JG,scotland,true,jar,glass,blossom,2018-11-25 17:06:34+00:00,true,simple
3699c6aa-5ddb-11e8-b567-e4b3182e34ed,http://www.filbertsofdorset.co.uk/product/dorset-honey/,2018-11-24 13:27:40.188133+00:00,200,Filberts of Dorset,true,DT2 8QJ,england,true,jar,plastic,wildflower,2018-11-25 17:51:45+00:00,true,simple
3699e248-5ddb-11e8-b567-e4b3182e34ed,http://www.thehoneybcompany.co.uk/store/p8/Spring_Blossom_Soft_Set_227g.html,2018-11-24 13:26:57.757645+00:00,200,The Honey B Company,true,DL10 6HQ,england,true,jar,glass,blossom,2018-11-25 11:39:48+00:00,true,simple
3699e36a-5ddb-11e8-b567-e4b3182e34ed,http://www.thehoneybcompany.co.uk/store/p7/Spring_Blossom_Soft_Soft_340g.html,2018-11-24 13:25:44.41387+00:00,200,The Honey B Company,true,DL10 6HQ,england,true,jar,glass,blossom,2018-11-25 12:00:49+00:00,true,simple
3699e52c-5ddb-11e8-b567-e4b3182e34ed,http://www.thehoneybcompany.co.uk/store/p10/English_Heather_Honey_227g.html,2018-11-24 13:26:10.411441+00:00,200,The Honey B Company,true,DL10 6HQ,england,true,jar,glass,heather,2018-11-25 12:21:03+00:00,true,simple
3699e64e-5ddb-11e8-b567-e4b3182e34ed,http://www.thehoneybcompany.co.uk/store/p9/English_Heather_honey_340g.html,2018-11-24 13:25:09.43412+00:00,200,The Honey B Company,true,DL10 6HQ,england,true,jar,glass,heather,2018-11-25 13:42:34+00:00,true,simple
3699e766-5ddb-11e8-b567-e4b3182e34ed,http://www.thehoneybcompany.co.uk/store/p6/English_Blossom_Honey_227g.html,2018-11-24 13:25:05.051452+00:00,200,The Honey B Company,true,DL10 6HQ,england,true,jar,glass,blossom,2018-11-25 15:24:55+00:00,true,simple
3699e888-5ddb-11e8-b567-e4b3182e34ed,http://www.thehoneybcompany.co.uk/store/p5/English_Blossom_Honey_340g.html,2018-11-24 13:26:09.644996+00:00,200,The Honey B Company,true,DL10 6HQ,england,true,jar,glass,blossom,2018-11-25 18:51:52+00:00,true,simple
3699e9a0-5ddb-11e8-b567-e4b3182e34ed,http://www.thehoneybcompany.co.uk/store/p17/Spring_Blossom_Soft_Set_Plastic_Pot_600g.html,2018-11-24 13:24:00.025041+00:00,200,The Honey B Company,true,DL10 6HQ,england,true,jar,plastic,blossom,2018-11-25 12:31:28+00:00,true,simple
3699eac2-5ddb-11e8-b567-e4b3182e34ed,http://www.thehoneybcompany.co.uk/store/p16/Heather_Honey_600g_Plastic_pot.html,2018-11-24 13:24:54.852481+00:00,200,The Honey B Company,true,DL10 6HQ,england,true,jar,plastic,heather,2018-11-25 18:58:35+00:00,true,simple
3699ebd0-5ddb-11e8-b567-e4b3182e34ed,http://www.thehoneybcompany.co.uk/store/p16/Heather_Honey_600g_Plastic_pot.html,2018-05-22 17:24:06.420499+00:00,200,The Honey B Company,true,DL10 6HQ,england,true,jar,plastic,blossom,2018-05-23 14:50:16+00:00,false,simple
37b900f5-4456-59c7-807a-6b876a2b4ac2,https://www.hiveandkeeper.com/available/21qowcpsutdh9vqhu037sgdeiyglfw,2018-11-11 15:00:46.499281+00:00,200,Hive & Keeper,false,,,true,jar,glass,wildflower,NULL,false,squarespace
38842b7f-5807-11e8-9103-e4b3182e34ed,https://thelondonhoneycompany.co.uk/collections/honey/products/raw-honey-bell-heather-jar-250g,2018-10-12 18:40:33.082851+00:00,404,London Honey Company,true,SE1 2NR,england,true,jar,glass,bell-heather,2018-10-13 12:49:11+00:00,false,simple
391c369c-03b5-494b-b5c6-ddf11f40de28,http://bayviewbees.co.uk/shop/heather-honey/,2018-11-24 13:23:33.864817+00:00,200,Bayview Bees,true,YO11 3UA,england,true,jar,glass,heather,2018-11-25 13:05:17+00:00,true,simple
391c369c-03b5-494b-b5c6-ddf11f40de29,http://bayviewbees.co.uk/shop/spring-set-honey/,2018-11-24 13:23:19.486989+00:00,200,Bayview Bees,true,YO11 3UA,england,true,jar,glass,blossom,2018-11-25 16:09:58+00:00,true,simple
391c369c-03b5-494b-b5c6-ddf11f40de2a,http://bayviewbees.co.uk/shop/summer-blossom-honey/,2018-11-24 13:26:23.609812+00:00,200,Bayview Bees,true,YO11 3UA,england,true,jar,glass,blossom,2018-11-25 17:48:27+00:00,true,simple
3961b378-78b5-5d73-948a-54233474c887,https://www.hiveandkeeper.com/available/honey-from-dave-gillan-whitburn-west-lothian,2018-11-11 14:57:36.975579+00:00,200,Hive & Keeper,false,,,true,jar,glass,wildflower,NULL,false,squarespace
3a0e40da-f2d2-48e2-bfc6-99e5c7f7d025,http://www.heathcotehoney.co.uk/shop/viewitem.php?productid=0,2018-11-24 13:24:58.905028+00:00,200,Heathcote Honey,true,NG33 4EQ,england,true,jar,glass,wildflower,2018-11-25 11:49:14+00:00,true,simple
3caba70a-51b0-5ada-b697-c989853696be,https://www.hiveandkeeper.com/available/fruity-honey-from-brain-bull-braintree-essex-kgd5g-sn4sl,2018-11-21 14:40:25.392085+00:00,200,Hive & Keeper,false,,,true,jar,glass,wildflower,NULL,false,squarespace
3ee263fa-5de8-11e8-b567-e4b3182e34ed,https://www.weetons.com/product/harrogate-honey-clear-half-pound,2018-11-24 13:27:18.082555+00:00,200,Weetons Food Hall,false,HG1 1BJ,england,true,jar,glass,wildflower,2018-11-25 11:47:45+00:00,true,simple
3ee264ae-5de8-11e8-b567-e4b3182e34ed,https://www.weetons.com/product/harrogate-clear-honey,2018-11-24 13:26:40.607715+00:00,200,Weetons Food Hall,false,HG1 1BJ,england,true,jar,glass,wildflower,2018-11-25 12:13:06+00:00,true,simple
3ee26602-5de8-11e8-b567-e4b3182e34ed,https://www.weetons.com/product/harrogate-honey---soft-set,2018-11-24 13:26:12.701652+00:00,200,Weetons Food Hall,false,HG1 1BJ,england,true,jar,glass,wildflower,2018-11-25 19:41:25+00:00,true,simple
3ee26760-5de8-11e8-b567-e4b3182e34ed,https://www.weetons.com/product/harrogate-honey---half-pound-soft-set,2018-11-24 13:24:22.265588+00:00,200,Weetons Food Hall,false,HG1 1BJ,england,true,jar,glass,wildflower,2018-11-25 17:40:45+00:00,true,simple
40940039-548c-59cc-b49e-129843402e97,https://www.hiveandkeeper.com/available/21qowcpsutdh9vqhu037sgdeiyglfw,2018-11-11 15:00:46.496685+00:00,200,Hive & Keeper,false,,,true,jar,glass,wildflower,NULL,false,squarespace
44f99979-da96-4100-936c-d071b4eaef04,http://www.thebeefarmer.co.uk/webshop/honey/454g-1lb-honey/,2018-11-24 13:26:18.974187+00:00,200,The Bee Farmer,true,LE67 1AH,england,true,jar,glass,wildflower,2018-11-25 15:04:38+00:00,true,simple
5150b967-dc7b-5c5a-8f5e-1af4bf88a0cd,https://www.hiveandkeeper.com/available/fresh-little-chesterford-honey-224g-s5w9b,2018-11-11 15:02:20.512753+00:00,200,Hive & Keeper,false,,,true,jar,glass,wildflower,NULL,false,squarespace
53ca086b-3f4c-50f0-b75f-b6b12037e907,https://www.aecre.co.uk/products/longstomps-chelmsford-honey,2018-11-11 14:59:47.547471+00:00,200,Aecre Honey,false,,,true,jar,glass,wildflower,NULL,false,shopify
53d64e7f-55af-11e8-81ec-e4b3182e34ed,http://www.heatherhills.co.uk/scottish-honey.html?page=shop.product_details&flypage=flypage.pbv.v3.tpl&product_id=1&category_id=1,2018-11-24 13:26:25.800933+00:00,200,Heather Hills Farm,true,PH10 7JG,scotland,true,jar,glass,heather,2018-11-25 14:37:25+00:00,true,simple
560d7e88-e980-11e8-b1c2-e4b3182e34ed,http://honeybeeproducts.co.uk/product/creamed-honey/,2018-11-24 13:27:36.571756+00:00,200,Honey Bee Products,true,GL10 3NQ,england,true,jar,glass,wildflower,2018-11-25 11:08:33+00:00,true,simple
560d85c2-e980-11e8-b1c2-e4b3182e34ed,http://honeybeeproducts.co.uk/product/local-costwold-honey/,2018-11-24 13:27:39.609906+00:00,200,Honey Bee Products,true,GL10 3NQ,england,true,jar,glass,wildflower,2018-11-25 14:08:35+00:00,true,simple
560d8aa4-e980-11e8-b1c2-e4b3182e34ed,http://honeybeeproducts.co.uk/product/set-costwold-honey/,2018-11-24 13:26:01.810303+00:00,200,Honey Bee Products,true,GL10 3NQ,england,true,jar,glass,wildflower,2018-11-25 14:04:21+00:00,true,simple
57fd33af-8a13-4a09-a34c-8aea4cfa2e6b,http://www.thecheeseandwineshop.co.uk/products/sedgemoor-heather-honey-113g.asp,2018-11-24 13:23:07.826288+00:00,200,The Cheese and Wine Shop,false,TA21 8NR,england,false,jar,glass,heather,2018-11-25 18:39:40+00:00,true,simple
58de2cdc-5918-11e8-b947-e4b3182e34ed,https://www.quincehoneyfarm.co.uk/shop/honey/exmoor-heather-honey-set-227g/,2018-11-24 13:26:04.712422+00:00,200,Quince Honey Farm,true,EX36 3AZ,england,true,jar,glass,heather,2018-11-25 13:07:08+00:00,true,simple
58de313c-5918-11e8-b947-e4b3182e34ed,https://www.quincehoneyfarm.co.uk/shop/honey/devon-flower-honey-set-227g/,2018-11-24 13:27:21.5393+00:00,200,Quince Honey Farm,true,EX36 3AZ,england,true,jar,glass,wildflower,2018-11-25 10:01:23+00:00,true,simple
58de3376-5918-11e8-b947-e4b3182e34ed,https://www.quincehoneyfarm.co.uk/shop/honey/devon-flower-honey-227g-clear/,2018-11-24 13:23:56.366249+00:00,200,Quince Honey Farm,true,EX36 3AZ,england,true,jar,glass,wildflower,2018-11-25 13:03:03+00:00,true,simple
58de3556-5918-11e8-b947-e4b3182e34ed,https://www.quincehoneyfarm.co.uk/shop/honey/exmoor-heather-honey-340g/,2018-11-24 13:26:54.143044+00:00,200,Quince Honey Farm,true,EX36 3AZ,england,true,jar,glass,heather,2018-11-25 17:25:13+00:00,true,simple
58de3722-5918-11e8-b947-e4b3182e34ed,https://www.quincehoneyfarm.co.uk/shop/honey/devon-flower-honey-340g/,2018-11-24 13:23:55.20305+00:00,200,Quince Honey Farm,true,EX36 3AZ,england,true,jar,glass,wildflower,2018-11-25 19:38:50+00:00,true,simple
58de38ee-5918-11e8-b947-e4b3182e34ed,https://www.quincehoneyfarm.co.uk/shop/honey/devon-flower-honey-set-340g/,2018-11-24 13:26:24.721577+00:00,200,Quince Honey Farm,true,EX36 3AZ,england,true,jar,glass,wildflower,2018-11-25 09:49:32+00:00,true,simple
59f0842e-5dd4-11e8-b567-e4b3182e34ed,http://www.denholmegatehoney.co.uk/shop/raw-yorkshire-spring-honey/,2018-11-24 13:24:42.553269+00:00,200,Denholme Gate Honey,true,BD13 3QZ,england,true,jar,glass,blossom,2018-11-25 10:49:37+00:00,true,simple
59f088c0-5dd4-11e8-b567-e4b3182e34ed,http://www.denholmegatehoney.co.uk/shop/pure-yorkshire-summer-honey/,2018-11-24 13:27:28.80157+00:00,200,Denholme Gate Honey,true,BD13 3QZ,england,true,jar,glass,wildflower,2018-11-25 15:08:03+00:00,true,simple
59f08a96-5dd4-11e8-b567-e4b3182e34ed,http://www.denholmegatehoney.co.uk/shop/yorkshire-heather-honey/,2018-11-24 13:27:13.324103+00:00,200,Denholme Gate Honey,true,BD13 3QZ,england,true,jar,glass,heather,2018-11-25 09:23:05+00:00,true,simple
59f08b9a-5dd4-11e8-b567-e4b3182e34ed,http://www.denholmegatehoney.co.uk/shop/pollen-enriched-yorkshire-honey/,2018-11-24 13:23:47.229631+00:00,200,Denholme Gate Honey,true,BD13 3QZ,england,true,jar,glass,wildflower,2018-11-25 12:18:48+00:00,true,simple
59f0e81a-5dd4-11e8-b567-e4b3182e34ed,https://www.essex-honey.co.uk/buy%20essex%20honey/store.php?product/page/7/Mainly+Summer+Borage++Local+RAW+Honey+454g+1lb,2018-05-30 12:36:54.591198+00:00,1000,Essex-Honey,true,CO6 1BX,england,true,jar,glass,borage,2018-05-31 12:36:21+00:00,false,simple
59f0ea40-5dd4-11e8-b567-e4b3182e34ed,https://www.essex-honey.co.uk/buy%20essex%20honey/store.php?product/page/597/Local+Raw+Essex+Honey+in+12oz+340g+Jar,2018-05-30 12:33:33.809088+00:00,1000,Essex-Honey,true,CO6 1BX,england,true,jar,glass,wildflower,2018-05-31 12:56:38+00:00,false,simple
59ff4d73-9426-5170-a2ab-547af6729f06,https://www.hiveandkeeper.com/available/fruity-staines-upon-thames,2018-11-11 14:59:11.868147+00:00,200,Hive & Keeper,false,,,true,jar,glass,wildflower,NULL,false,squarespace
5b971b5c-ee49-4aba-a6fd-059dfb4dfe83,http://www.bbha.biz/shopproduct.asp?Code=honeycl227g,2018-11-24 13:24:01.81965+00:00,200,Blue Bell Hill Apiaries,true,ME5 9QN,england,true,jar,glass,wildflower,2018-11-25 14:05:43+00:00,true,simple
5b971b5c-ee49-4aba-a6fd-059dfb4dfe84,https://www.flaxfarm.co.uk/product/traditional-raw-sussex-honey,2018-11-24 13:26:19.471593+00:00,200,Flax Farm,false,RH13 6QQ,england,false,jar,glass,wildflower,2018-11-25 16:51:36+00:00,true,simple
63e515e6-a26a-11e8-91ae-e4b3182e34ed,http://www.hiveandkeeper.com/available/floral-honey-from-storrington-sussex,2018-11-10 15:41:36.987819+00:00,200,Hive And Keeper,false,SW18 3JY,england,true,jar,glass,wildflower,2018-11-11 11:21:15+00:00,false,simple
63e52810-a26a-11e8-91ae-e4b3182e34ed,http://www.hiveandkeeper.com/available/floral-honey-from-storrington-sussex,2018-11-10 15:46:08.306928+00:00,200,Hive And Keeper,false,SW18 3JY,england,true,jar,glass,wildflower,2018-11-11 13:43:31+00:00,false,simple
664f7f82-d242-5d2b-9e80-beb254dd6195,https://www.hiveandkeeper.com/available/spicy-honey-from-matt-aldridge-yattendon,2018-11-11 15:01:17.846627+00:00,200,Hive & Keeper,false,,,true,jar,glass,wildflower,NULL,false,squarespace
68c69bd8-5e25-4001-a684-57db8517f24e,http://www.croftapiaries.co.uk/product/multi-floral-raw-honey-tub-1-35kg/,2018-11-24 13:26:13.667026+00:00,200,Croft Apiaries,true,LN8 2BE,england,true,jar,plastic,wildflower,2018-11-25 12:44:40+00:00,true,simple
6a753809-8ed0-46b1-9ea7-e7099d93e961,https://www.payneshoney.co.uk/english-honey/42g-mini-pot-clear-english-honey/,2018-11-24 13:24:52.871156+00:00,200,Paynes Honey,true,BN6 9NP,england,true,jar,glass,wildflower,2018-11-25 19:29:47+00:00,true,simple
6aae576f-5873-48a8-90a2-7ef37d82b2c0,https://www.payneshoney.co.uk/english-honey/340g-english-honey-squeeze-bear/,2018-11-24 13:26:52.70915+00:00,200,Paynes Honey,true,BN6 9NP,england,true,jar,plastic,wildflower,2018-11-25 14:22:29+00:00,true,simple
6af17033-5820-11e8-8474-e4b3182e34ed,https://www.west-country-honey.co.uk/collections/honey/products/west-country-set-honey,2018-11-24 13:24:28.206504+00:00,200,West Country Honey,true,BS49 5HE,england,true,jar,glass,blossom,2018-11-25 13:04:30+00:00,true,simple
6c36203a-6cd5-4de1-8bff-ede99ac72c21,http://www.thecheeseandwineshop.co.uk/products/sedgemoor-set-honey-340g.asp,2018-11-24 13:26:27.360416+00:00,200,The Cheese and Wine Shop,false,TA21 8NR,england,false,jar,glass,wildflower,2018-11-25 14:29:00+00:00,true,simple
6c969440-4eca-4c8a-9980-afd48f30d4e0,https://scottishbeecompany.co.uk/product/scottish-heather-honey/,2018-11-24 13:26:41.912944+00:00,200,Scottish Bee Company,true,EH4 9EP,scotland,true,jar,glass,heather,2018-11-25 11:16:23+00:00,true,simple
6d60d593-0e8a-45fa-b0f5-ca911a27daff,http://www.bbha.biz/equipmentproduct.asp?Code=honeyhea227&ReturnPage=0,2018-11-24 13:26:41.571426+00:00,200,Blue Bell Hill Apiaries,true,ME5 9QN,england,true,jar,glass,heather,2018-11-25 09:37:26+00:00,true,simple
6f586dde-5917-11e8-b947-e4b3182e34ed,https://www.quincehoneyfarm.co.uk/shop/honey/devon-flower-honey-set-113g/,2018-11-24 13:25:54.695153+00:00,200,Quince Honey Farm,true,EX36 3AZ,england,true,jar,glass,wildflower,2018-11-25 11:50:20+00:00,true,simple
6f5872ca-5917-11e8-b947-e4b3182e34ed,https://www.quincehoneyfarm.co.uk/shop/honey/limited-edition-ivy-honey-227g/,2018-05-30 12:32:05.042408+00:00,200,Quince Honey Farm,true,EX36 3AZ,england,true,jar,glass,ivy,2018-05-31 11:14:27+00:00,false,simple
6f587554-5917-11e8-b947-e4b3182e34ed,https://www.quincehoneyfarm.co.uk/shop/honey/exmoor-heather-honey-113g/,2018-11-24 13:25:30.801074+00:00,200,Quince Honey Farm,true,EX36 3AZ,england,true,jar,glass,heather,2018-11-25 15:50:28+00:00,true,simple
6f58778e-5917-11e8-b947-e4b3182e34ed,https://www.quincehoneyfarm.co.uk/shop/honey/spring-blossom-honey/,2018-11-24 13:24:04.929762+00:00,200,Quince Honey Farm,true,EX36 3AZ,england,true,jar,glass,blossom,2018-11-25 16:04:46+00:00,true,simple
715b559f-c687-5d95-8625-7020e207d1fb,https://www.hiveandkeeper.com/available/spicy-honey-from-matt-aldridge-woolley,2018-11-11 15:01:49.159433+00:00,200,Hive & Keeper,false,,,true,jar,glass,wildflower,NULL,false,squarespace
72f1eb63-5820-11e8-9dd1-e4b3182e34ed,https://www.west-country-honey.co.uk/collections/honey/products/west-country-set-honey,2018-11-24 13:25:27.044438+00:00,200,West Country Honey,true,BS49 5HE,england,true,jar,glass,blossom,2018-11-25 13:21:20+00:00,true,simple
75805b34-e785-11e8-9a6c-e4b3182e34ed,http://www.bees-online.co.uk/detail.asp?ID=462&name=Flower-Honey,2018-11-24 13:23:59.337838+00:00,200,Maisemore Apiaries,true,GL2 8HT,england,true,jar,glass,wildflower,2018-11-25 15:08:49+00:00,true,simple
75805fa8-e785-11e8-9a6c-e4b3182e34ed,http://www.bees-online.co.uk/detail.asp?ID=462&name=Flower-Honey,2018-11-24 13:23:54.835961+00:00,200,Maisemore Apiaries,true,GL2 8HT,england,true,jar,glass,wildflower,2018-11-25 11:37:45+00:00,true,simple
758063fe-e785-11e8-9a6c-e4b3182e34ed,http://www.bees-online.co.uk/detail.asp?ID=462&name=Flower-Honey,2018-11-24 13:27:17.38613+00:00,200,Maisemore Apiaries,true,GL2 8HT,england,true,jar,glass,wildflower,2018-11-25 18:53:08+00:00,true,simple
75806804-e785-11e8-9a6c-e4b3182e34ed,http://www.bees-online.co.uk/detail.asp?ID=462&name=Flower-Honey,2018-11-24 13:26:18.717806+00:00,200,Maisemore Apiaries,true,GL2 8HT,england,true,jar,glass,wildflower,2018-11-25 18:54:31+00:00,true,simple
75806bec-e785-11e8-9a6c-e4b3182e34ed,http://www.bees-online.co.uk/detail.asp?ID=462&name=Flower-Honey,2018-11-24 13:23:10.058014+00:00,200,Maisemore Apiaries,true,GL2 8HT,england,true,jar,glass,wildflower,2018-11-25 10:19:34+00:00,true,simple
76b5a187-ef26-4b23-9eea-2ff9890ddfbf,http://www.midgleygreen.com/shop/somerset-set-honey,2018-06-20 00:00:00+00:00,0,Midgley Green,false,BS21 7QH,england,false,jar,glass,wildflower,2018-06-24 03:00:00+00:00,false,simple
77ad13ab-79a7-4467-8bfb-5ecf5ad2ef38,http://www.bbha.biz/shopproduct.asp?Code=honeycl340,2018-11-24 13:27:46.184049+00:00,200,Blue Bell Hill Apiaries,true,ME5 9QN,england,true,jar,glass,wildflower,2018-11-25 09:20:51+00:00,true,simple
77ad13ac-79a7-4467-8bfb-5ecf5ad2ef38,http://www.bbha.biz/shopproduct.asp?Code=honeysqcl340,2018-11-24 13:25:53.902157+00:00,200,Blue Bell Hill Apiaries,true,ME5 9QN,england,true,jar,glass,wildflower,2018-11-25 14:50:40+00:00,true,simple
789ae720-ebf7-43fe-b1e1-c4afb0c849fb,http://www.thehoneyfarm.co.uk/catalog_view.php?id=35,2018-11-24 17:00:32.644565+00:00,1000,New Quay Honey Farm,true,SA44 6NN,wales,true,jar,glass,mountain,2018-11-25 12:21:49+00:00,true,simple
791aa11f-fb96-4ea3-8a82-3f25cbf60308,https://www.payneshoney.co.uk/english-honey/227g-thick-english-honey/,2018-11-24 13:23:28.108936+00:00,200,Paynes Honey,true,BN6 9NP,england,true,jar,glass,wildflower,2018-11-25 18:04:39+00:00,true,simple
7978809e-616c-11e8-985e-e4b3182e34ed,http://www.heatherhills.co.uk/scottish-honey.html?page=shop.product_details&flypage=flypage.pbv.v3.tpl&product_id=3&category_id=1,2018-11-24 13:25:01.521035+00:00,200,Heather Hills Farm,true,PH10 7JG,scotland,true,jar,glass,blossom,2018-11-25 18:56:17+00:00,true,simple
7b6697f5-3ca6-47be-9614-71aa0f6b88ee,http://www.thebeefarmer.co.uk/webshop/honey/340g-12oz-honey/,2018-11-24 13:23:15.63013+00:00,200,The Bee Farmer,true,LE67 1AH,england,true,jar,glass,wildflower,2018-11-25 17:31:56+00:00,true,simple
7c0c9bb4-e646-4afd-9929-455a32f7e65a,https://www.payneshoney.co.uk/english-honey/clear-english-honey/,2018-06-20 00:00:00+00:00,0,Paynes Honey,true,BN6 9NP,england,true,jar,plastic,wildflower,2018-06-24 03:00:00+00:00,false,simple
7c833fef-5820-11e8-afd3-e4b3182e34ed,https://www.west-country-honey.co.uk/collections/honey/products/west-country-raw-honey,2018-11-24 13:24:15.619646+00:00,200,West Country Honey,true,BS49 5HE,england,true,jar,glass,blossom,2018-11-25 16:53:56+00:00,true,simple
7c899b0f-6f83-49bc-8ed5-83539d35505f,https://www.payneshoney.co.uk/english-honey/340g-english-heather-honey/,2018-11-24 13:26:22.921698+00:00,200,Paynes Honey,true,BN6 9NP,england,true,jar,glass,heather,2018-11-25 11:03:48+00:00,true,simple
7e4efbd2-3871-45c2-9c4d-7563e22a5b11,https://www.seasonedbychefs.co.uk/product/english-flower-honey/,2018-11-24 13:27:00.306157+00:00,200,Hoyle's Honey,true,CM14 5SN,england,true,jar,glass,wildflower,2018-11-25 19:44:48+00:00,true,simple
7e4efbd2-3871-45c2-9c4d-7563e22a5b12,https://www.seasonedbychefs.co.uk/product/english-set-blossom-honey/,2018-11-24 13:25:39.303242+00:00,200,Hoyle's Honey,true,CM14 5SN,england,true,jar,glass,blossom,2018-11-25 11:52:03+00:00,true,simple
7e4efbd2-3871-45c2-9c4d-7563e22a5b13,https://www.seasonedbychefs.co.uk/product/english-borage-flower-honey/,2018-11-24 13:23:28.490144+00:00,200,Hoyle's Honey,true,CM14 5SN,england,true,jar,glass,borage,2018-11-25 09:49:15+00:00,true,simple
7e4efbd2-3871-45c2-9c4d-7563e22a5b14,https://www.seasonedbychefs.co.uk/product/english-lime-tree-honey/,2018-11-24 13:25:11.801067+00:00,200,Hoyle's Honey,true,CM14 5SN,england,true,jar,glass,borage,2018-11-25 09:47:53+00:00,true,simple
7efe0134-0ba0-49cd-8f26-f0a1008c8db5,http://www.mrpsbees.co.uk/ourshop/prod_2181209-Set-Honey-freshly-extracted-runny-please-see-notes.html,2018-11-24 13:25:07.408603+00:00,200,Mr P's Bees,true,HR8 2RD,england,true,jar,glass,wildflower,2018-11-25 11:25:19+00:00,true,simple
7efe0134-0ba0-49cd-8f26-f0a1008c8db6,http://www.mrpsbees.co.uk/ourshop/prod_2098376-1lb-jar-of-Set-Herefordshire-Honey.html,2018-11-24 13:26:39.353913+00:00,200,Mr P's Bees,true,HR8 2RD,england,true,jar,glass,wildflower,2018-11-25 17:14:04+00:00,true,simple
81afc5ad-5820-11e8-8dbf-e4b3182e34ed,https://www.west-country-honey.co.uk/collections/honey/products/west-country-raw-honey,2018-11-24 17:00:47.629196+00:00,1003,West Country Honey,true,BS49 5HE,england,true,jar,glass,blossom,2018-11-25 09:50:35+00:00,true,simple
822f2b06-dd5c-42a2-8d40-12972670ea64,http://thelondonbeecompany.com/product/creamed-raw-autumn-honey-strawberry-hill-middlesex/,2018-11-24 13:23:15.834938+00:00,200,The London Bee Co,true,HA2 7HH,england,true,jar,glass,wildflower,2018-11-25 16:27:50+00:00,true,simple
8b166a82-ce0e-42bb-8343-0213a470c639,http://www.croftapiaries.co.uk/product/squeezy-honey/,2018-11-24 13:26:29.834325+00:00,200,Croft Apiaries,true,LN8 2BE,england,true,jar,plastic,wildflower,2018-11-25 16:21:52+00:00,true,simple
8bcaa8b4-586e-11e8-b947-e4b3182e34ed,https://www.quincehoneyfarm.co.uk/shop/honey/exmoor-heather-honey-45g/,2018-11-24 13:26:49.943273+00:00,200,Quince Honey Farm,true,EX36 3AZ,england,true,jar,glass,heather,2018-11-25 17:43:55+00:00,true,simple
8d4150d1-8469-43cb-9df3-b01473914b13,https://www.payneshoney.co.uk/english-honey/227g-english-heather-honey/,2018-11-24 13:25:38.555908+00:00,200,Paynes Honey,true,BN6 9NP,england,true,jar,glass,heather,2018-11-25 11:45:46+00:00,true,simple
90205faf-7376-5c65-9ef9-1b2bb3b534a7,https://www.hiveandkeeper.com/available/fruity-staines-upon-thames,2018-11-11 14:59:11.868122+00:00,200,Hive & Keeper,false,,,true,jar,glass,wildflower,NULL,false,squarespace
91e14b29-dd40-4b7f-94b6-efc206ebc32b,https://www.payneshoney.co.uk/non-drip-squeezy-bottle-range/590g-family-size-squeezable-bottle-english-honey/,2018-11-24 13:24:11.88598+00:00,200,Paynes Honey,true,BN6 9NP,england,true,jar,plastic,wildflower,2018-11-25 13:44:45+00:00,true,simple
94864529-c69b-53b9-94e4-3a14f4f83a5c,https://www.hiveandkeeper.com/available/spicy-bradwell-on-sea-honey,2018-11-21 14:39:22.342518+00:00,200,Hive & Keeper,false,,,true,jar,glass,wildflower,NULL,false,squarespace
952b4be6-f0a8-57ac-8395-1e17175de02d,https://www.aecre.co.uk/products/thurleigh-bedfordshire-honey,2018-11-11 15:01:19.453976+00:00,200,Aecre Honey,false,,,true,jar,glass,wildflower,NULL,false,shopify
99a26032-787b-529c-95d7-4912beb65af0,https://www.aecre.co.uk/products/dunnington-alcester-honey,2018-11-11 14:53:12.136518+00:00,200,Aecre Honey,false,,,true,jar,glass,wildflower,NULL,false,shopify
9ab66957-4cfc-571e-9bb2-a5f73d7f7e78,https://www.aecre.co.uk/products/brighton-honey-bn15dn,2018-11-11 14:52:41.390971+00:00,200,Aecre Honey,false,,,true,jar,glass,wildflower,NULL,false,shopify
9c69b884-5915-11e8-b947-e4b3182e34ed,https://thelondonhoneycompany.co.uk/collections/honey/products/pure-honey-bell-heather-jar-250g,2018-06-20 00:00:00+00:00,0,London Honey Company,true,SE1 2NR,england,true,jar,glass,bell-heather,2018-06-24 03:00:00+00:00,false,simple
a031c596-77bb-11e8-83a4-e4b3182e34ed,http://www.hiveandkeeper.com/available/fruity-honey-from-paul-vassey-bonby-3zc23,2018-11-10 15:47:10.227791+00:00,404,Hive And Keeper,false,SW18 3JY,england,true,jar,glass,wildflower,2018-11-11 13:23:24+00:00,false,simple
a031dbc6-77bb-11e8-83a4-e4b3182e34ed,http://www.hiveandkeeper.com/available/fruity-honey-from-paul-vassey-bonby-3zc23,2018-11-10 15:43:46.882961+00:00,404,Hive And Keeper,false,SW18 3JY,england,true,jar,glass,wildflower,2018-11-11 10:50:03+00:00,false,simple
a031eae4-77bb-11e8-83a4-e4b3182e34ed,http://www.hiveandkeeper.com/available/a-spicy-honey-from-petworth-sussex,2018-11-10 15:44:36.389186+00:00,404,Hive And Keeper,false,SW18 3JY,england,true,jar,glass,wildflower,2018-11-11 10:24:51+00:00,false,simple
a031f340-77bb-11e8-83a4-e4b3182e34ed,http://www.hiveandkeeper.com/available/a-spicy-honey-from-petworth-sussex,2018-11-10 15:47:41.319912+00:00,404,Hive And Keeper,false,SW18 3JY,england,true,jar,glass,wildflower,2018-11-11 17:36:48+00:00,false,simple
a031fdb8-77bb-11e8-83a4-e4b3182e34ed,http://www.hiveandkeeper.com/available/fresh-honey-from-kings-somborne-hampshire,2018-11-10 15:42:54.640763+00:00,404,Hive And Keeper,false,SW18 3JY,england,true,jar,glass,wildflower,2018-11-11 11:54:34+00:00,false,simple
a03204fc-77bb-11e8-83a4-e4b3182e34ed,http://www.hiveandkeeper.com/available/fresh-honey-from-kings-somborne-hampshire,2018-11-10 15:45:08.158994+00:00,404,Hive And Keeper,false,SW18 3JY,england,true,jar,glass,wildflower,2018-11-11 11:15:24+00:00,false,simple
a0320e7a-77bb-11e8-83a4-e4b3182e34ed,http://www.hiveandkeeper.com/available/spicy-honey-from-matt-aldridge-yattendon,2018-11-10 15:46:13.043897+00:00,200,Hive And Keeper,false,SW18 3JY,england,true,jar,glass,wildflower,2018-11-11 09:24:35+00:00,false,simple
a0321366-77bb-11e8-83a4-e4b3182e34ed,http://www.hiveandkeeper.com/available/spicy-honey-from-matt-aldridge-yattendon,2018-11-10 15:47:08.422944+00:00,200,Hive And Keeper,false,SW18 3JY,england,true,jar,glass,wildflower,2018-11-11 16:05:43+00:00,false,simple
a03218ca-77bb-11e8-83a4-e4b3182e34ed,http://www.hiveandkeeper.com/available/spicy-honey-from-matt-aldridge-woolley,2018-11-10 15:45:31.731885+00:00,200,Hive And Keeper,false,SW18 3JY,england,true,jar,glass,wildflower,2018-11-11 14:29:20+00:00,false,simple
a0321ed8-77bb-11e8-83a4-e4b3182e34ed,http://www.hiveandkeeper.com/available/spicy-honey-from-matt-aldridge-woolley,2018-11-10 15:42:35.682412+00:00,200,Hive And Keeper,false,SW18 3JY,england,true,jar,glass,wildflower,2018-11-11 15:53:08+00:00,false,simple
a03224b4-77bb-11e8-83a4-e4b3182e34ed,http://www.hiveandkeeper.com/available/fresh-little-chesterford-honey-224g-s5w9b,2018-11-10 15:45:56.404114+00:00,200,Hive And Keeper,false,SW18 3JY,england,true,jar,glass,wildflower,2018-11-11 14:07:51+00:00,false,simple
a0322bbc-77bb-11e8-83a4-e4b3182e34ed,http://www.hiveandkeeper.com/available/fresh-little-chesterford-honey-224g-s5w9b,2018-11-10 15:44:01.417904+00:00,200,Hive And Keeper,false,SW18 3JY,england,true,jar,glass,wildflower,2018-11-11 14:29:33+00:00,false,simple
a03231b6-77bb-11e8-83a4-e4b3182e34ed,http://www.hiveandkeeper.com/available/spicy-honey-from-yalding-kent,2018-11-10 15:43:23.716848+00:00,404,Hive And Keeper,false,SW18 3JY,england,true,jar,glass,wildflower,2018-11-11 11:05:26+00:00,false,simple
a032377e-77bb-11e8-83a4-e4b3182e34ed,http://www.hiveandkeeper.com/available/spicy-honey-from-yalding-kent,2018-11-10 15:43:42.915217+00:00,404,Hive And Keeper,false,SW18 3JY,england,true,jar,glass,wildflower,2018-11-11 10:01:19+00:00,false,simple
a0323d96-77bb-11e8-83a4-e4b3182e34ed,http://www.hiveandkeeper.com/available/fruity-honey-from-yew-tree-lakes-rotherfield-sussex-mfclj,2018-11-10 15:47:29.139716+00:00,404,Hive And Keeper,false,SW18 3JY,england,true,jar,glass,wildflower,2018-11-11 18:33:02+00:00,false,simple
a03243d6-77bb-11e8-83a4-e4b3182e34ed,http://www.hiveandkeeper.com/available/fruity-honey-from-yew-tree-lakes-rotherfield-sussex-mfclj,2018-11-10 15:43:52.311871+00:00,404,Hive And Keeper,false,SW18 3JY,england,true,jar,glass,wildflower,2018-11-11 09:19:06+00:00,false,simple
a07a4ae7-4fa3-4d9e-bfd5-98420039df17,https://hillstownfarmshop.com/antrim-honey-454g/,2018-08-18 14:31:01.139358+00:00,404,The Kitchen at Hillstown,false,BT41 3DT,northern-ireland,false,jar,glass,wildflower,2018-08-19 11:31:09+00:00,false,simple
a07a4ae7-4fa3-4d9e-fff5-98420039df17,http://www.greenmountfarmshop.com/@/local-honey/feaf836790cfaff28ec67fbab9bbf9567ad287ac/,2018-11-24 13:24:07.367577+00:00,200,Greenmount Farm,false,BT61 9JT,northern-ireland,false,jar,glass,wildflower,2018-11-25 18:20:20+00:00,true,simple
a07a4ae7-4fa3-4d9e-fff6-98420039df17,https://rosaliesofcowes.co.uk/product/296/isle-of-wight-honey-8oz/,2018-11-24 13:25:04.431799+00:00,200,Rosalie's Of Cowes,false,PO31 7RR,england,false,jar,glass,wildflower,2018-11-25 09:53:55+00:00,true,simple
a16c649c-6678-11e8-967e-e4b3182e34ed,https://www.essex-honey.co.uk/buy%20essex%20honey/store.php?product/page/7/Mainly+Summer+Borage++Local+RAW+Honey+454g+1lb,2018-06-10 11:41:24.183406+00:00,1000,Essex-Honey,true,CO6 1BX,england,true,jar,glass,borage,2018-06-11 10:37:32+00:00,false,simple
a16c68d4-6678-11e8-967e-e4b3182e34ed,https://www.essex-honey.co.uk/buy%20essex%20honey/store.php?product/page/31/Spring+Blossom+2018+Local++RAW+Honey+454g+1lb+Jar,2018-11-24 13:25:19.17008+00:00,200,Essex-Honey,true,CO6 1BX,england,true,jar,glass,blossom,2018-11-25 15:43:03+00:00,true,simple
a482043d-32ef-5c98-99b6-c74e31ca5b06,https://www.aecre.co.uk/products/rottingdean-honey,2018-11-11 15:00:18.113228+00:00,200,Aecre Honey,false,,,true,jar,glass,wildflower,NULL,false,shopify
a4a66c36-6769-54af-b8f1-e5e14c1d7627,https://www.aecre.co.uk/products/sonning-reading-honey,2018-11-11 15:00:48.869013+00:00,200,Aecre Honey,false,,,true,jar,glass,wildflower,NULL,false,shopify
a4cd34b2-5de1-11e8-b567-e4b3182e34ed,https://www.easybeeproducts.co.uk/product/borage-honey/,2018-11-24 13:24:09.384586+00:00,200,EasyBeeProducts,true,GL3 4PZ,england,true,jar,glass,borage,2018-11-25 16:31:29+00:00,true,simple
a4cd3584-5de1-11e8-b567-e4b3182e34ed,https://www.easybeeproducts.co.uk/product/1lb-jar-of-spring-blossom-clear-honey/,2018-11-24 13:24:37.924447+00:00,200,EasyBeeProducts,true,GL3 4PZ,england,true,jar,glass,blossom,2018-11-25 18:50:01+00:00,true,simple
a4cd37aa-5de1-11e8-b567-e4b3182e34ed,https://www.easybeeproducts.co.uk/product/1lb-jar-of-spring-blossom-set-honey/,2018-11-24 13:23:10.399428+00:00,200,EasyBeeProducts,true,GL3 4PZ,england,true,jar,glass,blossom,2018-11-25 15:02:01+00:00,true,simple
a4cd3890-5de1-11e8-b567-e4b3182e34ed,https://www.easybeeproducts.co.uk/product/wildflower-set-honey/,2018-11-24 13:26:05.785877+00:00,200,EasyBeeProducts,true,GL3 4PZ,england,true,jar,glass,wildflower,2018-11-25 17:11:13+00:00,true,simple
a4cd396c-5de1-11e8-b567-e4b3182e34ed,https://www.easybeeproducts.co.uk/product/1lb-jar-pollen-enriched-honey/,2018-11-24 13:26:43.148272+00:00,200,EasyBeeProducts,true,GL3 4PZ,england,true,jar,glass,wildflower,2018-11-25 18:30:31+00:00,true,simple
a4cd3a3e-5de1-11e8-b567-e4b3182e34ed,https://www.easybeeproducts.co.uk/product/1lb-jar-poly-flora-blend/,2018-11-24 13:24:49.269697+00:00,200,EasyBeeProducts,true,GL3 4PZ,england,true,jar,glass,wildflower,2018-11-25 15:32:45+00:00,true,simple
a4f8e39a-7138-11e8-9f7f-e4b3182e34ed,https://coedcanlas.cymru/products/copy-of-nick-tonkins-wild-welsh-honey-set,2018-10-12 18:38:30.550322+00:00,404,Coedcanlas,true,SA68 0PX,wales,true,jar,glass,wildflower,2018-10-13 10:51:16+00:00,false,simple
a4f8f736-7138-11e8-9f7f-e4b3182e34ed,https://coedcanlas.cymru/products/nick-tonkins-wild-welsh-honey-heather,2018-10-12 18:39:21.867324+00:00,404,Coedcanlas,true,SA68 0PX,wales,true,jar,glass,heather,2018-10-13 16:15:06+00:00,false,simple
a4f91a86-7138-11e8-9f7f-e4b3182e34ed,https://coedcanlas.cymru/products/nick-tonkins-wild-welsh-honey-clear,2018-10-12 18:43:08.378633+00:00,404,Coedcanlas,true,SA68 0PX,wales,true,jar,glass,wildflower,2018-10-13 16:04:47+00:00,false,simple
a4f93d68-7138-11e8-9f7f-e4b3182e34ed,https://www.watsonandpratts.co.uk/p/Coedcanlas_Nick_Tonkins_Wild_Welsh_Heather_Honey/8715ad4cd5f149ccb6945f43b1b3d969/1c6eb71feb94496691cd407c9071b23f/,2018-11-24 13:23:56.961562+00:00,200,Watson and Pratt's,false,SA48 8LT,wales,false,jar,glass,heather,2018-11-25 16:15:53+00:00,true,simple
a4f9415a-7138-11e8-9f7f-e4b3182e34ed,https://www.watsonandpratts.co.uk/p/Coedcanlas_Nick_Tonkins_Wild_Welsh_Honey/1d2b822185f84eff83edaf79da326764/1c6eb71feb94496691cd407c9071b23f/,2018-11-24 13:23:18.493463+00:00,200,Watson and Pratt's,false,SA48 8LT,wales,false,jar,glass,wildflower,2018-11-25 09:17:12+00:00,true,simple
a7a6e1c9-5fb2-5f59-9c6f-7bf12cfe5d45,https://www.hiveandkeeper.com/available/fresh-little-chesterford-honey-224g-s5w9b,2018-11-11 15:02:20.512711+00:00,200,Hive & Keeper,false,,,true,jar,glass,wildflower,NULL,false,squarespace
ade0238e-a9ff-4b99-b56c-29f2dea65a48,http://www.croftapiaries.co.uk/product/runny-honey-340gm/,2018-11-24 13:24:45.89002+00:00,200,Croft Apiaries,true,LN8 2BE,england,true,jar,glass,wildflower,2018-11-25 11:04:18+00:00,true,simple
aefef5a4-5e88-11e8-b567-e4b3182e34ed,https://www.keeprs.co.uk/honey-jam/apple-blossom-honey,2018-11-24 13:24:40.523129+00:00,200,Keepr's,true,OX5 9EW,england,true,jar,glass,apple,2018-11-25 12:51:49+00:00,true,simple
aeff170a-5e88-11e8-b567-e4b3182e34ed,https://www.keeprs.co.uk/honey-jam/blueberry-honey,2018-11-24 13:24:07.989297+00:00,200,Keepr's,true,OX5 9EW,england,true,jar,glass,blueberry,2018-11-25 10:56:34+00:00,true,simple
aeff1890-5e88-11e8-b567-e4b3182e34ed,https://www.keeprs.co.uk/honey-jam/borage-honey,2018-11-24 13:27:24.806765+00:00,200,Keepr's,true,OX5 9EW,england,true,jar,glass,borage,2018-11-25 14:52:52+00:00,true,simple
aeff1b56-5e88-11e8-b567-e4b3182e34ed,https://www.keeprs.co.uk/honey-jam/cotswold-honey,2018-11-24 13:27:51.543337+00:00,200,Keepr's,true,OX5 9EW,england,true,jar,glass,wildflower,2018-11-25 14:29:08+00:00,true,simple
aeff1c50-5e88-11e8-b567-e4b3182e34ed,https://www.keeprs.co.uk/honey-jam/heather-honey,2018-11-24 13:26:51.686166+00:00,200,Keepr's,true,OX5 9EW,england,true,jar,glass,heather,2018-11-25 18:18:56+00:00,true,simple
aeff1dd6-5e88-11e8-b567-e4b3182e34ed,https://www.keeprs.co.uk/honey-jam/oxford-honey,2018-11-24 13:27:11.06268+00:00,200,Keepr's,true,OX5 9EW,england,true,jar,glass,wildflower,2018-11-25 15:41:32+00:00,true,simple
b2548d20-77d0-11e8-87ed-e4b3182e34ed,http://www.hiveandkeeper.com/available/fruity-honey-from-brain-bull-braintree-essex,2018-11-10 15:46:58.973918+00:00,200,Hive And Keeper,false,SW18 3JY,england,true,jar,glass,wildflower,2018-11-11 14:45:45+00:00,false,simple
b254911c-77d0-11e8-87ed-e4b3182e34ed,http://www.hiveandkeeper.com/available/fruity-honey-from-brain-bull-braintree-essex,2018-11-10 15:43:25.421524+00:00,200,Hive And Keeper,false,SW18 3JY,england,true,jar,glass,wildflower,2018-11-11 14:05:45+00:00,false,simple
b254928e-77d0-11e8-87ed-e4b3182e34ed,http://www.hiveandkeeper.com/available/copy-of-344-g-12-oz-animal-farm-goxhill-north-lincs-fruity-aaab6,2018-11-10 15:46:38.014601+00:00,404,Hive And Keeper,false,SW18 3JY,england,true,jar,glass,wildflower,2018-11-11 12:14:17+00:00,false,simple
b25493ba-77d0-11e8-87ed-e4b3182e34ed,http://www.hiveandkeeper.com/available/copy-of-344-g-12-oz-animal-farm-goxhill-north-lincs-fruity-aaab6,2018-11-10 15:47:52.477659+00:00,404,Hive And Keeper,false,SW18 3JY,england,true,jar,glass,wildflower,2018-11-11 17:06:03+00:00,false,simple
b25494dc-77d0-11e8-87ed-e4b3182e34ed,http://www.hiveandkeeper.com/available/honey-from-dave-gillan-whitburn-west-lothian-hk4wd,2018-11-10 15:42:33.231255+00:00,404,Hive And Keeper,false,SW18 3JY,england,true,jar,glass,wildflower,2018-11-11 16:30:15+00:00,false,simple
b254963a-77d0-11e8-87ed-e4b3182e34ed,http://www.hiveandkeeper.com/available/honey-from-dave-gillan-whitburn-west-lothian-hk4wd,2018-11-10 15:45:41.397291+00:00,404,Hive And Keeper,false,SW18 3JY,england,true,jar,glass,wildflower,2018-11-11 13:31:44+00:00,false,simple
b2549748-77d0-11e8-87ed-e4b3182e34ed,http://www.hiveandkeeper.com/available/floral-tooting-honey-224g,2018-11-10 15:43:16.651989+00:00,200,Hive And Keeper,false,SW18 3JY,england,true,jar,glass,wildflower,2018-11-11 15:38:19+00:00,false,simple
b254982e-77d0-11e8-87ed-e4b3182e34ed,http://www.hiveandkeeper.com/available/floral-tooting-honey-224g,2018-11-10 15:44:32.552599+00:00,200,Hive And Keeper,false,SW18 3JY,england,true,jar,glass,wildflower,2018-11-11 17:14:58+00:00,false,simple
b2549914-77d0-11e8-87ed-e4b3182e34ed,http://www.hiveandkeeper.com/available/fruity-staines-upon-thames,2018-11-10 15:43:20.200239+00:00,200,Hive And Keeper,false,SW18 3JY,england,true,jar,glass,wildflower,2018-11-11 19:00:29+00:00,false,simple
b25499e6-77d0-11e8-87ed-e4b3182e34ed,http://www.hiveandkeeper.com/available/21qowcpsutdh9vqhu037sgdeiyglfw,2018-11-10 15:43:49.969412+00:00,200,Hive And Keeper,false,SW18 3JY,england,true,jar,glass,wildflower,2018-11-11 16:57:51+00:00,false,simple
b2549ac2-77d0-11e8-87ed-e4b3182e34ed,http://www.hiveandkeeper.com/available/21qowcpsutdh9vqhu037sgdeiyglfw,2018-11-10 15:47:37.152306+00:00,200,Hive And Keeper,false,SW18 3JY,england,true,jar,glass,wildflower,2018-11-11 11:48:09+00:00,false,simple
b2abecb5-d1df-4142-b023-0c72e23fd3dd,https://www.payneshoney.co.uk/english-honey/english-honey-with-royal-jelly/,2018-11-24 13:26:42.841486+00:00,200,Paynes Honey,true,BN6 9NP,england,true,jar,glass,wildflower,2018-11-25 10:09:11+00:00,true,simple
b43201ba-55b3-11e8-b21a-e4b3182e34ed,https://localhoneyman.co.uk/product/british-golden-honey/,2018-11-24 13:27:17.73961+00:00,200,Local Honey Man,true,E17 6BH,england,true,jar,glass,golden,2018-11-25 11:44:37+00:00,true,simple
b5c10712-5ddc-11e8-b567-e4b3182e34ed,http://www.thehoneybcompany.co.uk/store/p14/English_Blossom_600g_Plastic_pot.html,2018-11-24 13:24:33.685783+00:00,200,The Honey B Company,true,DL10 6HQ,england,true,jar,plastic,blossom,2018-11-25 14:09:11+00:00,true,simple
b5c1102c-5ddc-11e8-b567-e4b3182e34ed,http://www.fromfieldandflower.co.uk/product/london-honey/,2018-11-24 13:25:56.449712+00:00,200,From Field and Flower,false,SE1 1TL,england,true,jar,glass,wildflower,2018-11-25 12:35:10+00:00,true,simple
b5c1251c-5ddc-11e8-b567-e4b3182e34ed,http://mytimefare.co.uk/product/raw-enfield-honey/,2018-11-24 13:25:52.228187+00:00,200,My Time Fare,false,N13 4JG,england,true,jar,glass,wildflower,2018-11-25 13:23:04+00:00,true,simple
b6f3f20c-5878-11e8-b947-e4b3182e34ed,https://thelondonhoneycompany.co.uk/collections/honey/products/pure-honey-london-jar-250g,2018-06-17 13:01:46.626489+00:00,404,London Honey Company,true,SE1 2NR,england,true,jar,glass,blossom,2018-06-18 09:10:04+00:00,false,simple
b6f3f388-5878-11e8-b947-e4b3182e34ed,https://thelondonhoneycompany.co.uk/collections/honey/products/pure-honey-oxfordshire-jar-250g,2018-11-24 13:24:24.880428+00:00,200,London Honey Company,true,SE1 2NR,england,true,jar,glass,blossom,2018-11-25 15:43:57+00:00,true,simple
b743f752-586e-11e8-b947-e4b3182e34ed,https://www.quincehoneyfarm.co.uk/shop/honey/dandelion-honey-227g/,2018-11-24 13:23:32.481149+00:00,200,Quince Honey Farm,true,EX36 3AZ,england,true,jar,glass,dandelion,2018-11-25 12:35:07+00:00,true,simple
b74422af-532b-50d4-8ec6-43b256993330,https://www.hiveandkeeper.com/available/caramel-heather-honey-from-fylingdales-yorkshire-jes69,2018-11-11 15:02:51.872246+00:00,200,Hive & Keeper,false,,,true,jar,glass,wildflower,NULL,false,squarespace
b8516ddc-abe5-50f4-9b1b-bb61d847d2e4,https://www.aecre.co.uk/products/lewes-honey-east-chiltington,2018-11-11 14:58:46.397297+00:00,200,Aecre Honey,false,,,true,jar,glass,wildflower,NULL,false,shopify
b9f24aa5-872f-56eb-b7d5-41708eef0ee1,https://honeyguides.co.uk/england/somerset/city-of-bath-honey/,2018-11-22 20:25:12.371768+00:00,200,Honeyguides,true,,,true,jar,glass,wildflower,NULL,false,bigcommerce
ba488fca-581c-11e8-a178-e4b3182e34ed,https://www.west-country-honey.co.uk/collections/honey/products/west-country-raw-honey,2018-11-24 13:24:51.975118+00:00,200,West Country Honey,true,BS49 5HE,england,true,jar,glass,blossom,2018-11-25 15:41:23+00:00,true,simple
baa7f6cb-39c1-5d4a-abfd-d6b6e70eda9d,https://www.hiveandkeeper.com/available/honey-from-dave-gillan-whitburn-west-lothian,2018-11-11 14:57:36.975612+00:00,200,Hive & Keeper,false,,,true,jar,glass,wildflower,NULL,false,squarespace
bb8f64f0-572e-49d5-ab5b-b4abfd95539b,http://thelondonbeecompany.com/product/london-bee-company-raw-spring-honey/,2018-11-24 13:27:44.275089+00:00,200,The London Bee Co,true,HA2 7HH,england,true,jar,glass,wildflower,2018-11-25 19:11:27+00:00,true,simple
bfe9d2ed-5809-11e8-af69-e4b3182e34ed,https://www.west-country-honey.co.uk/collections/honey/products/west-country-set-honey,2018-11-24 13:23:23.408534+00:00,200,West Country Honey,true,BS49 5HE,england,true,jar,glass,blossom,2018-11-25 09:16:05+00:00,true,simple
c07207e3-9893-556d-9c5e-8c82f3a17d3e,https://www.hiveandkeeper.com/available/spicy-godstone-honey-224g,2018-11-11 14:58:40.331083+00:00,200,Hive & Keeper,false,,,true,jar,glass,wildflower,NULL,false,squarespace
c5fb6108-c860-5842-8006-6d0a4379d831,https://www.hiveandkeeper.com/available/floral-honey-from-storrington-sussex,2018-11-11 15:00:14.935449+00:00,200,Hive & Keeper,false,,,true,jar,glass,wildflower,NULL,false,squarespace
c85827b7-55bf-11e8-9d91-e4b3182e34ed,https://localhoneyman.co.uk/product/british-borage-honey/,2018-11-24 13:25:45.764588+00:00,200,Local Honey Man,true,E17 6BH,england,true,jar,glass,borage,2018-11-25 11:05:54+00:00,true,simple
c958e97c-55bf-11e8-9d91-e4b3182e34ed,https://localhoneyman.co.uk/product/rapeseed-honey/,2018-11-24 13:27:04.671009+00:00,200,Local Honey Man,true,E17 6BH,england,true,jar,glass,rapeseed,2018-11-25 17:00:54+00:00,true,simple
cca1f65d-50b5-4347-a294-3ed1a26d5238,https://www.payneshoney.co.uk/english-honey/thick-english-honey/,2018-06-20 00:00:00+00:00,0,Paynes Honey,true,BN6 9NP,england,true,jar,plastic,wildflower,2018-06-24 03:00:00+00:00,false,simple
d20538b2-586e-11e8-b947-e4b3182e34ed,https://www.quincehoneyfarm.co.uk/shop/honey/set-blossom-honey-45g/,2018-11-24 13:26:52.988686+00:00,200,Quince Honey Farm,true,EX36 3AZ,england,true,jar,glass,blossom,2018-11-25 10:40:07+00:00,true,simple
d25774ba-586e-11e8-b947-e4b3182e34ed,https://www.quincehoneyfarm.co.uk/shop/honey/1-5kg-exmoor-heather-honey/,2018-10-12 18:40:02.548088+00:00,404,Quince Honey Farm,true,EX36 3AZ,england,true,jar,glass,heather,2018-10-13 18:12:48+00:00,false,simple
d2a5552c-586e-11e8-b947-e4b3182e34ed,https://www.quincehoneyfarm.co.uk/shop/honey/1-5kg-devon-flower-set-honey/,2018-11-24 13:23:21.019596+00:00,200,Quince Honey Farm,true,EX36 3AZ,england,true,jar,glass,wildflower,2018-11-25 12:08:58+00:00,true,simple
d2acc47e-5dd7-11e8-b567-e4b3182e34ed,https://www.happyvalleyhoney.co.uk/product/blossom-honey/,2018-11-24 13:25:48.874487+00:00,200,Happy Valley Honey,true,SK10 5AZ,england,true,jar,glass,blossom,2018-11-25 10:49:41+00:00,true,simple
d2acc58c-5dd7-11e8-b567-e4b3182e34ed,https://www.happyvalleyhoney.co.uk/product/heather-honey/,2018-11-24 13:27:08.266262+00:00,200,Happy Valley Honey,true,SK10 5AZ,england,true,jar,glass,heather,2018-11-25 12:13:41+00:00,true,simple
d2acc6a4-5dd7-11e8-b567-e4b3182e34ed,https://www.happyvalleyhoney.co.uk/product/soft-set-honey/,2018-11-24 13:25:59.677559+00:00,200,Happy Valley Honey,true,SK10 5AZ,england,true,jar,glass,wildflower,2018-11-25 13:49:31+00:00,true,simple
d2acce56-5dd7-11e8-b567-e4b3182e34ed,http://www.ropershoney.co.uk/1-x-local-summer-honey-runnyset--340g-collected-370-24-p.asp,2018-11-24 13:25:08.404317+00:00,200,Roper's Honey,true,S44 5UW,england,true,jar,glass,wildflower,2018-11-25 09:34:51+00:00,true,simple
d2acce56-5dd7-11e8-b567-e4b3182e34ef,https://www.ropershoney.co.uk/1-x-local-summer-honey-runnyset-24-p.asp,2018-11-24 13:27:38.340178+00:00,200,Roper's Honey,true,S44 5UW,england,true,jar,glass,wildflower,2018-11-25 17:00:08+00:00,true,simple
d2accf6e-5dd7-11e8-b567-e4b3182e34ed,http://www.ropershoney.co.uk/honey-45g-479-p.asp,2018-11-24 13:25:29.184842+00:00,200,Roper's Honey,true,S44 5UW,england,true,jar,glass,wildflower,2018-11-25 10:26:35+00:00,true,simple
d3eb8454-17c7-511f-84ec-480ea4f79a50,https://www.aecre.co.uk/products/gallywood-chelmsford-honey,2018-11-11 14:57:45.369889+00:00,200,Aecre Honey,false,,,true,jar,glass,wildflower,NULL,false,shopify
d43275bc-591a-11e8-b947-e4b3182e34ed,http://fossewayhoney.co.uk/index.php?route=product/product&path=63&product_id=66,2018-11-24 13:25:43.896201+00:00,200,Honey Blossom Farm Ltd,true,OX15 5HY,england,true,jar,glass,wildflower,2018-11-25 17:09:26+00:00,true,simple
d4327ca6-591a-11e8-b947-e4b3182e34ed,http://fossewayhoney.co.uk/index.php?route=product/product&path=63&product_id=65,2018-11-24 13:24:16.4585+00:00,200,Honey Blossom Farm Ltd,true,OX15 5HY,england,true,jar,glass,wildflower,2018-11-25 11:50:32+00:00,true,simple
d432875a-591a-11e8-b947-e4b3182e34ed,http://willowbrookfarm.co.uk/product/honey-set,2018-11-24 13:23:04.999866+00:00,200,Willowbrook Farm,false,OX5 2QQ,england,false,jar,glass,wildflower,2018-11-25 09:29:42+00:00,true,simple
d4328c96-591a-11e8-b947-e4b3182e34ed,http://willowbrookfarm.co.uk/product/honey-clear,2018-11-24 13:23:42.473565+00:00,200,Willowbrook Farm,false,OX5 2QQ,england,false,jar,glass,wildflower,2018-11-25 13:34:39+00:00,true,simple
d7414419-9163-4723-9f49-22fa0aff2511,http://www.thehoneyfarm.co.uk/catalog_view.php?id=36,2018-11-24 17:00:46.810673+00:00,1000,New Quay Honey Farm,true,SA44 6NN,wales,true,jar,glass,wildflower,2018-11-25 19:25:44+00:00,true,simple
d7a4592a-e652-11e8-8fe5-e4b3182e34ed,https://birdandblendtea.com/uk_en/tea/search/honey/brighton-raw-honey.html?___store=uk_en,2018-11-24 13:25:31.860541+00:00,200,Bird and Blend Tea Co,false,BN1 1UN,england,true,jar,glass,wildflower,2018-11-25 16:37:55+00:00,true,simple
ded6e426-bde8-54db-9514-cc8a21bf13bb,https://www.hiveandkeeper.com/available/a-nutty-honey-from-pulborough-sussex,2018-11-11 14:59:43.384933+00:00,200,Hive & Keeper,false,,,true,jar,glass,wildflower,NULL,false,squarespace
e1e05fef-7902-43e8-ac1a-8c87b7d9e2d9,http://www.croftapiaries.co.uk/product/runny-honey-tub-1-35kg/,2018-11-24 13:24:02.364105+00:00,200,Croft Apiaries,true,LN8 2BE,england,true,jar,plastic,wildflower,2018-11-25 13:39:11+00:00,true,simple
e465dfce-5914-11e8-b947-e4b3182e34ed,https://thelondonhoneycompany.co.uk/collections/honey/products/pure-honey-salisbury-plain-jar-250g,2018-11-24 13:25:05.993678+00:00,200,London Honey Company,true,SE1 2NR,england,true,jar,glass,blossom,2018-11-25 11:16:08+00:00,true,simple
e465e5fa-5914-11e8-b947-e4b3182e34ed,https://thelondonhoneycompany.co.uk/collections/honey/products/pure-honey-shropshire-jar-250g,2018-11-24 13:24:26.371012+00:00,200,London Honey Company,true,SE1 2NR,england,true,jar,glass,blossom,2018-11-25 18:13:45+00:00,true,simple
e465e834-5914-11e8-b947-e4b3182e34ed,https://thelondonhoneycompany.co.uk/collections/honey/products/pure-honey-shropshire-ling-heather-jar-250g,2018-11-24 13:24:18.767454+00:00,200,London Honey Company,true,SE1 2NR,england,true,jar,glass,ling-heather,2018-11-25 18:11:49+00:00,true,simple
e465ea1e-5914-11e8-b947-e4b3182e34ed,https://thelondonhoneycompany.co.uk/collections/honey/products/pure-honey-wood-sage-jar-250g,2018-11-24 13:25:10.226634+00:00,200,London Honey Company,true,SE1 2NR,england,true,jar,glass,wood-sage,2018-11-25 09:23:07+00:00,true,simple
e4ce2f45-5807-11e8-a3be-e4b3182e34ed,https://thelondonhoneycompany.co.uk/collections/honey/products/raw-honey-borage-jar-250g,2018-11-24 13:23:46.322863+00:00,200,London Honey Company,true,SE1 2NR,england,true,jar,glass,borage,2018-11-25 15:39:46+00:00,true,simple
e4f7b35c-5807-11e8-a3be-e4b3182e34ed,https://thelondonhoneycompany.co.uk/collections/honey/products/raw-honey-isle-of-purbeck-jar-250g,2018-11-24 13:23:06.691454+00:00,200,London Honey Company,true,SE1 2NR,england,true,jar,glass,blosson,2018-11-25 14:32:58+00:00,true,simple
e534651a-5807-11e8-a3be-e4b3182e34ed,https://thelondonhoneycompany.co.uk/collections/honey/products/raw-honey-london-jar-250g,2018-05-15 07:19:17.024742+00:00,200,London Honey Company,true,SE1 2NR,england,true,jar,glass,blosson,2018-05-15 11:19:17.024742+00:00,false,simple
e55b9d64-5807-11e8-a3be-e4b3182e34ed,https://thelondonhoneycompany.co.uk/collections/honey/products/raw-honey-oxfordshire-jar-250g,2018-05-15 07:19:17.503363+00:00,200,London Honey Company,true,SE1 2NR,england,true,jar,glass,blossom,2018-05-15 10:19:17.503363+00:00,false,simple
e5a43b2d-5807-11e8-a3be-e4b3182e34ed,https://thelondonhoneycompany.co.uk/collections/honey/products/raw-honey-salisbury-plain-jar-250g,2018-05-15 07:19:17.986278+00:00,200,London Honey Company,true,SE1 2NR,england,true,jar,glass,blossom,2018-05-15 09:19:17.986278+00:00,false,simple
e5ddb109-2b97-5dc3-b29f-e76efd3178e9,https://www.hiveandkeeper.com/available/spicy-bradwell-on-sea-honey,2018-11-21 14:39:22.342551+00:00,200,Hive & Keeper,false,,,true,jar,glass,wildflower,NULL,false,squarespace
e5ee2f14-5807-11e8-a3be-e4b3182e34ed,https://thelondonhoneycompany.co.uk/collections/honey/products/raw-honey-shropshire-jar-250g,2018-05-15 07:19:18.243761+00:00,200,London Honey Company,true,SE1 2NR,england,true,jar,glass,blossom,2018-05-15 09:19:18.243761+00:00,false,simple
e6142404-5807-11e8-a3be-e4b3182e34ed,https://thelondonhoneycompany.co.uk/collections/honey/products/raw-honey-shropshire-ling-heather-jar-250g,2018-05-15 07:19:18.729338+00:00,200,London Honey Company,true,SE1 2NR,england,true,jar,glass,ling-heather,2018-05-15 10:19:18.729338+00:00,false,simple
e65e99ca-5807-11e8-a3be-e4b3182e34ed,https://thelondonhoneycompany.co.uk/collections/honey/products/raw-honey-wood-sage-jar-250g,2018-05-15 07:19:18.983782+00:00,200,London Honey Company,true,SE1 2NR,england,true,jar,glass,wood-sage,2018-05-15 10:19:18.983782+00:00,false,simple
e6851096-9c36-4097-ae4a-d7ad27473d10,https://www.payneshoney.co.uk/english-honey/340g-thick-english/,2018-11-24 13:24:31.914557+00:00,200,Paynes Honey,true,BN6 9NP,england,true,jar,glass,wildflower,2018-11-25 11:16:28+00:00,true,simple
e74f6bd5-7682-48c3-888d-3b252ccaf63e,http://www.thebeefarmer.co.uk/webshop/honey/227g-8oz-honey/,2018-11-24 13:27:07.723128+00:00,200,The Bee Farmer,true,LE67 1AH,england,true,jar,glass,wildflower,2018-11-25 16:00:12+00:00,true,simple
e9a73fe5-1787-4f67-a0d0-4c788036bed1,http://www.stickeys.co.uk/product/yorkshire-blossom/,2018-11-24 13:24:55.599894+00:00,200,Stickey's Honey,true,WF4 4BA,england,true,jar,glass,blossom,2018-11-25 16:39:54+00:00,true,simple
e9a73fe5-1787-4f67-a0d0-4c788036bed2,http://www.stickeys.co.uk/product/wakefield-summer-honey/,2018-11-24 13:27:19.285752+00:00,200,Stickey's Honey,true,WF4 4BA,england,true,jar,glass,wildflower,2018-11-25 15:16:55+00:00,true,simple
e9a73fe5-1787-4f67-a0d0-4c788036bed3,http://www.stickeys.co.uk/product/borage-honey/,2018-11-24 13:25:00.237813+00:00,200,Stickey's Honey,true,WF4 4BA,england,true,jar,glass,borage,2018-11-25 18:38:11+00:00,true,simple
e9a73fe5-1787-4f67-a0d0-4c788036bedc,http://www.stickeys.co.uk/product/leeds-summer-honey-2/,2018-11-24 13:25:46.583898+00:00,200,Stickey's Honey,true,WF4 4BA,england,true,jar,glass,wildflower,2018-11-25 14:50:02+00:00,true,simple
e9a73fe5-1787-4f67-a0d0-4c788036bedd,http://www.stickeys.co.uk/product/woodland-honey/,2018-11-24 13:25:27.596598+00:00,200,Stickey's Honey,true,WF4 4BA,england,true,jar,glass,woodland,2018-11-25 19:42:17+00:00,true,simple
e9a73fe5-1787-4f67-a0d0-4c788036bede,http://www.stickeys.co.uk/product/rhubarb-triangle-honey/,2018-11-24 13:26:46.827209+00:00,200,Stickey's Honey,true,WF4 4BA,england,true,jar,glass,wildflower,2018-11-25 15:36:20+00:00,true,simple
e9a73fe5-1787-4f67-a0d0-4c788036bedf,http://www.stickeys.co.uk/product/heather-honey/,2018-11-24 13:27:16.125513+00:00,200,Stickey's Honey,true,WF4 4BA,england,true,jar,glass,heather,2018-11-25 10:08:25+00:00,true,simple
eb5476b2-5ec2-4916-a292-81b81a681ff9,https://www.payneshoney.co.uk/english-honey/42g-mini-pot-thick-english-honey/,2018-11-24 13:24:01.441689+00:00,200,Paynes Honey,true,BN6 9NP,england,true,jar,glass,wildflower,2018-11-25 14:04:50+00:00,true,simple
ebd39fc8-8e91-11e8-8895-e4b3182e34ed,http://www.birdysdevonhoney.co.uk/html/products.html,2018-11-24 13:25:11.088577+00:00,200,Birdy's Devon Honey,true,PL7 5HN,england,true,jar,glass,wildflower,2018-11-25 14:37:56+00:00,true,simple
ebd3b0a8-8e91-11e8-8895-e4b3182e34ed,http://www.birdysdevonhoney.co.uk/html/products.html,2018-11-24 13:25:26.539862+00:00,200,Birdy's Devon Honey,true,PL7 5HN,england,true,jar,glass,wildflower,2018-11-25 10:29:29+00:00,true,simple
ebd3b8e6-8e91-11e8-8895-e4b3182e34ed,http://www.birdysdevonhoney.co.uk/html/products.html,2018-11-24 13:23:34.72325+00:00,200,Birdy's Devon Honey,true,PL7 5HN,england,true,jar,glass,wildflower,2018-11-25 09:34:31+00:00,true,simple
ebd3bfee-8e91-11e8-8895-e4b3182e34ed,http://www.birdysdevonhoney.co.uk/html/products.html,2018-11-24 13:24:27.579332+00:00,200,Birdy's Devon Honey,true,PL7 5HN,england,true,jar,glass,wildflower,2018-11-25 16:16:25+00:00,true,simple
ebd3c62e-8e91-11e8-8895-e4b3182e34ed,http://www.birdysdevonhoney.co.uk/html/products.html,2018-11-24 13:24:11.320757+00:00,200,Birdy's Devon Honey,true,PL7 5HN,england,true,jar,glass,wildflower,2018-11-25 13:21:45+00:00,true,simple
ebd3cc46-8e91-11e8-8895-e4b3182e34ed,http://www.birdysdevonhoney.co.uk/html/products.html,2018-11-24 13:27:52.338978+00:00,200,Birdy's Devon Honey,true,PL7 5HN,england,true,jar,glass,wildflower,2018-11-25 15:44:32+00:00,true,simple
ebd3eb04-8e91-11e8-8895-e4b3182e34ed,https://pahammond5.wixsite.com/localexeterrawhoney/the-beekeeper-and-the-honey,2018-11-24 13:25:55.605218+00:00,200,Local Exeter Raw Honey,true,EX1 3AS,england,true,jar,glass,wildflower,2018-11-25 12:06:31+00:00,true,simple
edbf2b45-7eb7-42a2-a0a8-9f7e0cf23aac,https://www.payneshoney.co.uk/non-drip-squeezy-bottle-range/250g-squeezable-bottle-english-honey/,2018-11-24 13:24:30.980186+00:00,200,Paynes Honey,true,BN6 9NP,england,true,jar,plastic,wildflower,2018-11-25 17:01:11+00:00,true,simple
eeffba97-12ac-57d6-8c63-b2043c44ca98,https://www.hiveandkeeper.com/available/a-nutty-honey-from-pulborough-sussex,2018-11-11 14:59:43.385284+00:00,200,Hive & Keeper,false,,,true,jar,glass,wildflower,NULL,false,squarespace
ef0ee1e0-5dfc-11e8-b567-e4b3182e34ed,http://www.hiveandkeeper.com/available/fruity-honey-from-brain-bull-braintree-essex,2018-06-20 00:00:00+00:00,0,Hive And Keeper,false,SW18 3JY,england,true,jar,glass,wildflower,2018-06-24 03:00:00+00:00,false,simple
ef0ee1e0-5dfc-11e8-b567-e4b3182e34ef,http://www.hiveandkeeper.com/available/copy-of-344-g-12-oz-animal-farm-goxhill-north-lincs-fruity-aaab6,2018-06-20 00:00:00+00:00,0,Hive And Keeper,false,SW18 3JY,england,true,jar,glass,wildflower,2018-06-24 03:00:00+00:00,false,simple
ef0ee8c0-5dfc-11e8-b567-e4b3182e34ed,http://www.hiveandkeeper.com/shop/fruity-honey-from-brain-bull-braintree-essex,2018-06-20 17:01:22.158778+00:00,404,Hive And Keeper,false,SW18 3JY,england,true,jar,glass,wildflower,2018-06-21 10:14:00+00:00,false,simple
ef0eee06-5dfc-11e8-b567-e4b3182e34ed,http://www.hiveandkeeper.com/shop/caramel-honey-from-keith-lomax-burnham-on-crouch,2018-06-20 17:03:31.485626+00:00,404,Hive And Keeper,false,SW18 3JY,england,true,jar,glass,wildflower,2018-06-21 12:19:06+00:00,false,simple
ef0ef716-5dfc-11e8-b567-e4b3182e34ed,http://www.hiveandkeeper.com/shop/fruity-ottershaw-honey,2018-06-20 17:00:56.686179+00:00,404,Hive And Keeper,false,SW18 3JY,england,true,jar,glass,wildflower,2018-06-21 19:18:06+00:00,false,simple
f099a178-ca1b-5357-8974-c9fe96581869,https://www.hiveandkeeper.com/available/floral-tooting-honey-224g,2018-11-11 14:58:08.547982+00:00,200,Hive & Keeper,false,,,true,jar,glass,wildflower,NULL,false,squarespace
f3869da1-586a-11e8-b341-e4b3182e34a0,https://www.chainbridgehoney.com/product/tweedside-honey-including-heather-standard-jar-454g/,2018-11-24 13:26:35.538445+00:00,200,Chain Bridge Honey Farm,true,TD15 2XT,england,true,jar,plastic,heather-blossom-mix,2018-11-25 10:22:27+00:00,true,simple
f3869da1-586a-11e8-b341-e4b3182e34a1,https://www.chainbridgehoney.com/product/tweedside-honey-140g/,2018-11-24 13:23:24.451953+00:00,200,Chain Bridge Honey Farm,true,TD15 2XT,england,true,jar,plastic,blossom,2018-11-25 09:24:42+00:00,true,simple
f3869da1-586a-11e8-b341-e4b3182e34ed,https://www.chainbridgehoney.com/product/tweedside-honey-454g/,2018-08-18 14:30:11.021554+00:00,404,Chain Bridge Honey Farm,true,TD15 2XT,england,true,jar,plastic,blossom,2018-08-19 16:07:12+00:00,false,simple
f3869da1-586a-11e8-b341-e4b3182e34ee,https://www.chainbridgehoney.com/product/heather-honey/,2018-11-24 13:27:25.886428+00:00,200,Chain Bridge Honey Farm,true,TD15 2XT,england,true,jar,plastic,heather,2018-11-25 19:14:15+00:00,true,simple
f3869da1-586a-11e8-b341-e4b3182e34ef,https://www.chainbridgehoney.com/product/tweedside-honey-340g/,2018-11-24 13:26:55.224053+00:00,200,Chain Bridge Honey Farm,true,TD15 2XT,england,true,jar,plastic,blossom,2018-11-25 14:24:00+00:00,true,simple
f3869da1-586a-11e8-ca00-e4b3182e34ed,http://haughtonhoney.com/shop/honey/340g-jar-of-haughton-honey,2018-11-24 13:23:20.320049+00:00,200,Haughton Honey,true,CW6 9RJ,england,true,jar,glass,wildflower,2018-11-25 14:29:08+00:00,true,simple
f3869da1-586a-11e8-ca01-e4b3182e34ed,http://haughtonhoney.com/shop/honey/english-heather-honey-340g-jar,2018-11-24 13:24:18.219542+00:00,200,Haughton Honey,true,CW6 9RJ,england,true,jar,glass,heather,2018-11-25 11:39:06+00:00,true,simple
f3869da1-586a-11e8-ca02-e4b3182e34ed,http://haughtonhoney.com/shop/honey/honey-900g-pot,2018-11-24 13:24:17.933103+00:00,200,Haughton Honey,true,CW6 9RJ,england,true,jar,plastic,heather,2018-11-25 10:21:29+00:00,true,simple
f514d5f2-f04c-4af2-bb4d-0c8fc29dc58d,http://www.midgleygreen.com/shop/somerset-set-honey,2018-11-24 13:24:21.799903+00:00,200,Midgley Green,false,BS21 7QH,england,false,jar,glass,wildflower,2018-11-25 17:57:06+00:00,true,simple
f7fcb426-132b-40d1-8def-82ab33d9977f,https://scottishbeecompany.co.uk/product/scottish-blossom-honey/,2018-11-24 13:27:20.742899+00:00,200,Scottish Bee Company,true,EH4 9EP,scotland,true,jar,glass,blossom,2018-11-25 14:11:16+00:00,true,simple
fdc0a60a-5804-11e8-9fce-e4b3182e34ed,https://localhoneyman.co.uk/product/pure-heather-ling-honey/,2018-11-24 17:00:49.237755+00:00,1003,Local Honey Man,true,E17 6BH,england,true,jar,glass,heather,2018-11-25 17:24:23+00:00,true,simple
fe675d22-f008-4593-ba86-c6ef8b6bf328,http://www.thecheeseandwineshop.co.uk/products/340g-sedgemoor-runny-honey-340g.asp,2018-11-24 13:27:46.698134+00:00,200,The Cheese and Wine Shop,false,TA21 8NR,england,false,jar,glass,wildflower,2018-11-25 16:09:56+00:00,true,simple
